Property_ID,Area_sqft,Bedrooms,Bathrooms,Price,Location
1,1460.0,4.0,1,23308027,Hyderabad
2,4372.0,3.0,3,15782774,Chennai
3,3692.0,3.0,3,6341712,Mumbai
4,1066.0,5.0,3,1901099,Mumbai
5,4044.0,3.0,3,5582940,Bangalore
6,3771.0,2.0,4,9410541,Chennai
7,3519.0,5.0,3,19474061,Chennai
8,730.0,3.0,2,3487214,Chennai
9,2285.0,3.0,4,9208098,Vijayawada
10,1369.0,4.0,4,24602222,Hyderabad
11,2991.0,3.0,3,10165394,Hyderabad
12,3033.0,1.0,1,22360887,Bangalore
13,1784.0,5.0,3,22438227,Chennai
14,3985.0,1.0,1,12616141,Chennai
15,4717.0,5.0,3,15392676,Mumbai
16,3504.0,4.0,3,22041117,Vijayawada
17,1074.0,3.0,1,23075346,Vijayawada
18,1682.0,3.0,1,22795678,Bangalore
19,3158.0,3.0,1,4403107,Hyderabad
20,2647.0,5.0,1,8517359,Chennai
21,3347.0,3.0,2,5784933,Bangalore
22,1575.0,1.0,1,7778262,Vijayawada
23,2406.0,3.0,3,13542040,Vijayawada
24,789.0,4.0,3,3936126,Vijayawada
25,3334.0,1.0,2,12295214,Chennai
26,3605.0,3.0,1,17108476,Chennai
27,2499.0,3.0,3,2663842,Chennai
28,1867.0,2.0,2,6931242,Mumbai
29,2128.0,5.0,3,6141154,Hyderabad
30,3802.0,1.0,2,4396283,Vijayawada
31,4156.0,2.0,2,15362729,Vijayawada
32,4490.0,4.0,4,17898255,Mumbai
33,1246.0,5.0,4,5773487,Vijayawada
34,3488.0,1.0,1,7305344,Vijayawada
35,3035.0,3.0,4,18401060,Chennai
36,1200.0,,2,8158187,Chennai
37,2963.0,3.0,3,3931275,Hyderabad
38,2661.0,5.0,3,8394604,Vijayawada
39,841.0,3.0,1,15283703,Bangalore
40,2641.0,4.0,4,22214296,Vijayawada
41,3424.0,3.0,1,24554175,Vijayawada
42,3212.0,4.0,2,17835839,Hyderabad
43,1963.0,5.0,4,21198796,Bangalore
44,2078.0,5.0,1,9244996,Vijayawada
45,3156.0,1.0,3,24924887,Bangalore
46,1375.0,,3,18227395,Chennai
47,4614.0,4.0,1,16227316,Chennai
48,634.0,2.0,1,8700622,Bangalore
49,3752.0,2.0,1,6150699,Vijayawada
50,2555.0,2.0,2,18152594,Bangalore
51,2185.0,3.0,2,7579547,Bangalore
52,4543.0,2.0,3,16532754,Chennai
53,3673.0,4.0,2,12378996,Bangalore
54,1621.0,3.0,2,17439965,Mumbai
55,4061.0,5.0,4,5676116,Mumbai
56,3213.0,1.0,2,14081960,Chennai
57,4443.0,2.0,4,4524320,Vijayawada
58,2100.0,5.0,2,17557419,Vijayawada
59,761.0,4.0,3,12795417,Chennai
60,4897.0,1.0,1,3796397,Vijayawada
61,2581.0,5.0,3,19825056,Hyderabad
62,1595.0,1.0,2,11022517,Mumbai
63,3942.0,2.0,1,2500778,Hyderabad
64,4398.0,4.0,1,17235042,Hyderabad
65,1875.0,1.0,1,17233161,Hyderabad
66,1616.0,5.0,4,12760933,Chennai
67,937.0,2.0,3,4498277,Hyderabad
68,1478.0,2.0,4,8688884,Bangalore
69,1676.0,,1,24015969,Vijayawada
70,4593.0,5.0,3,8139070,Chennai
71,979.0,1.0,3,20388793,Bangalore
72,1092.0,3.0,2,4396695,Bangalore
73,2662.0,,4,23691967,Mumbai
74,4484.0,1.0,4,8369001,Mumbai
75,664.0,5.0,2,22333366,Bangalore
76,3168.0,1.0,4,7459417,Mumbai
77,2627.0,5.0,1,20240037,Vijayawada
78,3295.0,4.0,1,20717558,Vijayawada
79,2095.0,5.0,4,24053200,Mumbai
80,,5.0,2,7213949,Hyderabad
81,4161.0,5.0,3,21224708,Bangalore
82,2878.0,3.0,4,13715350,Vijayawada
83,3699.0,5.0,3,3786113,Mumbai
84,800.0,2.0,2,17446856,Mumbai
85,3704.0,2.0,3,14428171,Vijayawada
86,3054.0,1.0,2,14510965,Vijayawada
87,4245.0,3.0,2,5107838,Hyderabad
88,1404.0,1.0,1,13118694,Mumbai
89,3331.0,,1,2058867,Mumbai
90,3373.0,2.0,2,23616650,Chennai
91,2170.0,4.0,4,4269067,Hyderabad
92,3290.0,,1,18068366,Vijayawada
93,4440.0,2.0,2,8365521,Vijayawada
94,1628.0,1.0,3,23919218,Bangalore
95,1102.0,1.0,3,18317967,Vijayawada
96,1470.0,5.0,4,19526463,Mumbai
97,806.0,5.0,3,23628846,Vijayawada
98,2084.0,4.0,3,4679249,Mumbai
99,,3.0,2,2488144,Mumbai
100,3390.0,1.0,3,8211971,Hyderabad
101,1163.0,5.0,3,10928143,Vijayawada
102,4791.0,1.0,3,7184054,Hyderabad
103,2357.0,5.0,3,20561518,Mumbai
104,2278.0,2.0,2,17635277,Vijayawada
105,3842.0,1.0,3,19074850,Vijayawada
106,1659.0,2.0,4,18648767,Hyderabad
107,2322.0,1.0,1,5669895,Hyderabad
108,3914.0,3.0,4,13124533,Mumbai
109,3757.0,4.0,1,10979821,Mumbai
110,3225.0,2.0,4,11804562,Vijayawada
111,3329.0,5.0,1,7708623,Vijayawada
112,2197.0,3.0,1,5507374,Chennai
113,3660.0,1.0,1,1655647,Chennai
114,3293.0,2.0,1,13468953,Bangalore
115,4227.0,1.0,2,24254880,Mumbai
116,1963.0,1.0,4,13542059,Bangalore
117,2581.0,1.0,1,13961289,Bangalore
118,2263.0,4.0,4,23521628,Hyderabad
119,2129.0,4.0,3,3254741,Hyderabad
120,2638.0,,1,2630127,Chennai
121,3902.0,2.0,4,7960284,Bangalore
122,2837.0,,2,13630504,Chennai
123,1906.0,3.0,4,23371949,Mumbai
124,4629.0,3.0,1,23201522,Vijayawada
125,3275.0,1.0,3,19228926,Hyderabad
126,1882.0,4.0,4,5807427,Mumbai
127,1309.0,2.0,3,15412274,Mumbai
128,4348.0,1.0,2,21791950,Hyderabad
129,1263.0,4.0,4,19574543,Hyderabad
130,2598.0,,4,15167997,Bangalore
131,4045.0,,2,22288793,Chennai
132,4343.0,2.0,2,10724277,Mumbai
133,2095.0,2.0,2,11065817,Bangalore
134,3904.0,1.0,1,23057867,Bangalore
135,4363.0,5.0,1,1811294,Mumbai
136,2453.0,2.0,4,17054863,Mumbai
137,1891.0,5.0,4,3113955,Vijayawada
138,4181.0,,4,20578564,Chennai
139,4057.0,5.0,3,24569575,Mumbai
140,2236.0,3.0,2,15372512,Hyderabad
141,4296.0,5.0,4,6534971,Vijayawada
142,3599.0,2.0,2,23555668,Chennai
143,3752.0,1.0,1,11757668,Hyderabad
144,1298.0,2.0,2,17327633,Hyderabad
145,2760.0,3.0,3,22820727,Chennai
146,4697.0,2.0,3,17135118,Vijayawada
147,1454.0,2.0,2,21345905,Hyderabad
148,4074.0,2.0,3,4019379,Bangalore
149,2307.0,4.0,3,17724667,Chennai
150,3377.0,3.0,1,22525053,Chennai
151,2333.0,2.0,4,16859488,Mumbai
152,4110.0,2.0,3,24430517,Vijayawada
153,802.0,2.0,4,16963249,Bangalore
154,3855.0,1.0,2,15312141,Bangalore
155,4818.0,4.0,2,2668964,Mumbai
156,1366.0,1.0,3,7558014,Hyderabad
157,4989.0,4.0,2,15254970,Hyderabad
158,2927.0,2.0,1,9094968,Bangalore
159,3531.0,3.0,3,13121724,Vijayawada
160,797.0,5.0,3,7391966,Hyderabad
161,2530.0,5.0,3,24114427,Chennai
162,4182.0,2.0,2,5629295,Mumbai
163,1208.0,1.0,2,5467924,Vijayawada
164,3872.0,3.0,3,5402859,Hyderabad
165,1747.0,4.0,4,22461953,Bangalore
166,4882.0,2.0,2,8444758,Mumbai
167,3997.0,3.0,2,22584596,Hyderabad
168,3111.0,3.0,3,4318710,Bangalore
169,2394.0,4.0,4,22234316,Hyderabad
170,,3.0,3,11008976,Mumbai
171,3411.0,1.0,2,12407408,Chennai
172,1969.0,1.0,3,18126836,Chennai
173,2586.0,1.0,3,10683613,Bangalore
174,746.0,3.0,3,17768510,Chennai
175,3819.0,1.0,4,21559394,Mumbai
176,3511.0,4.0,3,14934640,Bangalore
177,2334.0,3.0,2,24188956,Hyderabad
178,2443.0,5.0,3,14410897,Vijayawada
179,1088.0,3.0,4,3094745,Hyderabad
180,3576.0,4.0,1,7449782,Mumbai
181,2559.0,5.0,4,6283877,Bangalore
182,2985.0,3.0,3,6802427,Hyderabad
183,3519.0,1.0,1,8847965,Bangalore
184,2402.0,2.0,3,24143090,Chennai
185,4661.0,2.0,4,12457413,Vijayawada
186,3969.0,1.0,1,7667324,Mumbai
187,862.0,,1,17211894,Hyderabad
188,1223.0,2.0,3,12856782,Vijayawada
189,1616.0,1.0,3,15500031,Mumbai
190,4243.0,1.0,4,7966138,Mumbai
191,2649.0,3.0,3,2868240,Chennai
192,4323.0,3.0,1,7271712,Bangalore
193,3708.0,,2,6702662,Bangalore
194,4690.0,4.0,2,13237018,Vijayawada
195,2656.0,2.0,4,17411212,Chennai
196,3770.0,3.0,3,11822670,Mumbai
197,2282.0,2.0,4,3491524,Chennai
198,2855.0,5.0,2,9327327,Chennai
199,1754.0,,2,6668394,Vijayawada
200,3791.0,4.0,3,21840949,Bangalore
201,,5.0,1,8186289,Chennai
202,4591.0,5.0,3,17363045,Chennai
203,2248.0,5.0,2,20414370,Chennai
204,2045.0,1.0,1,10144157,Hyderabad
205,4799.0,3.0,4,11680232,Chennai
206,4523.0,1.0,2,18652210,Chennai
207,,3.0,4,19980091,Mumbai
208,3783.0,5.0,1,8437292,Hyderabad
209,3157.0,5.0,4,22426501,Chennai
210,698.0,4.0,2,9307604,Chennai
211,2800.0,3.0,3,20055866,Vijayawada
212,3561.0,5.0,4,8907293,Vijayawada
213,4377.0,2.0,2,13314957,Hyderabad
214,3469.0,4.0,2,4299045,Mumbai
215,3834.0,1.0,1,9792005,Hyderabad
216,4391.0,4.0,2,11057706,Hyderabad
217,1556.0,2.0,3,8084016,Vijayawada
218,4667.0,3.0,3,15691351,Vijayawada
219,760.0,,4,6168710,Mumbai
220,,1.0,4,3149478,Chennai
221,4587.0,3.0,4,11030750,Mumbai
222,2127.0,4.0,4,7677792,Chennai
223,1818.0,5.0,3,9383679,Bangalore
224,3704.0,4.0,1,6096218,Vijayawada
225,3335.0,2.0,4,23721560,Bangalore
226,1554.0,5.0,1,7491303,Bangalore
227,4046.0,4.0,2,6651300,Vijayawada
228,1645.0,3.0,2,13502333,Bangalore
229,2293.0,2.0,4,4762983,Hyderabad
230,4036.0,2.0,2,14120267,Chennai
231,1162.0,2.0,1,10974874,Mumbai
232,3085.0,5.0,1,5076758,Vijayawada
233,3954.0,1.0,2,5332733,Hyderabad
234,825.0,5.0,4,2240174,Mumbai
235,1559.0,4.0,1,1703811,Mumbai
236,3667.0,1.0,1,19906710,Mumbai
237,1415.0,4.0,3,22650763,Bangalore
238,3720.0,1.0,4,11483130,Bangalore
239,616.0,,3,16697260,Bangalore
240,1843.0,2.0,2,7262637,Bangalore
241,2805.0,3.0,2,17467844,Hyderabad
242,3124.0,2.0,3,14360853,Bangalore
243,1669.0,5.0,4,8545158,Vijayawada
244,4044.0,1.0,1,7756878,Mumbai
245,3165.0,2.0,2,7057260,Hyderabad
246,1660.0,5.0,4,18807769,Bangalore
247,2927.0,4.0,4,24040431,Mumbai
248,4020.0,3.0,2,5295627,Hyderabad
249,,2.0,2,2751782,Mumbai
250,4876.0,1.0,4,20344015,Hyderabad
251,1206.0,4.0,1,17180246,Chennai
252,3770.0,5.0,3,15052684,Hyderabad
253,1299.0,3.0,2,3230934,Bangalore
254,1739.0,1.0,3,23611522,Mumbai
255,790.0,5.0,4,12997678,Mumbai
256,2900.0,5.0,3,11916027,Mumbai
257,1580.0,2.0,1,19733314,Vijayawada
258,3575.0,2.0,4,16691997,Vijayawada
259,1784.0,,1,21565901,Bangalore
260,3927.0,5.0,4,14913170,Chennai
261,3994.0,2.0,1,22347891,Vijayawada
262,727.0,3.0,4,9985983,Hyderabad
263,2665.0,3.0,1,3319941,Bangalore
264,2416.0,5.0,4,5449244,Chennai
265,1169.0,2.0,1,21774535,Hyderabad
266,2495.0,1.0,4,16708735,Mumbai
267,3333.0,1.0,1,20466681,Vijayawada
268,4463.0,1.0,2,9968902,Hyderabad
269,4614.0,3.0,3,3748753,Chennai
270,3501.0,2.0,4,13748270,Bangalore
271,2286.0,,1,15875475,Hyderabad
272,3609.0,3.0,2,18661045,Bangalore
273,754.0,1.0,4,8936949,Mumbai
274,3137.0,1.0,4,24861748,Chennai
275,2009.0,5.0,4,23784148,Chennai
276,4657.0,4.0,3,19299978,Vijayawada
277,1384.0,2.0,1,8298161,Chennai
278,3775.0,2.0,1,15555062,Hyderabad
279,4941.0,2.0,4,18831916,Hyderabad
280,3406.0,4.0,4,16046239,Hyderabad
281,,,4,9710174,Mumbai
282,2441.0,4.0,2,22725448,Chennai
283,3055.0,1.0,4,19128806,Chennai
284,1124.0,1.0,3,2710280,Hyderabad
285,3550.0,2.0,1,18309525,Vijayawada
286,,3.0,3,14878624,Vijayawada
287,4715.0,2.0,4,18317665,Chennai
288,2968.0,3.0,2,15087587,Chennai
289,4447.0,4.0,4,11629439,Bangalore
290,3301.0,1.0,4,8408801,Chennai
291,1571.0,3.0,4,20879442,Hyderabad
292,1766.0,4.0,4,6293485,Mumbai
293,3374.0,1.0,4,19782131,Chennai
294,2582.0,3.0,1,6368073,Chennai
295,1453.0,2.0,3,8634855,Hyderabad
296,4746.0,2.0,2,15656763,Bangalore
297,4336.0,2.0,4,24492062,Chennai
298,4369.0,4.0,2,21621517,Vijayawada
299,1174.0,2.0,1,24805364,Vijayawada
300,3861.0,5.0,3,11425127,Vijayawada
301,1748.0,1.0,4,6068798,Mumbai
302,2315.0,4.0,1,3401412,Mumbai
303,4454.0,2.0,1,18393967,Chennai
304,3091.0,1.0,3,18143879,Chennai
305,3260.0,3.0,4,9794682,Chennai
306,3724.0,2.0,3,11621576,Mumbai
307,3651.0,1.0,3,21477250,Chennai
308,604.0,5.0,2,3816400,Hyderabad
309,1476.0,3.0,2,2669715,Bangalore
310,1591.0,5.0,3,9382638,Vijayawada
311,4742.0,1.0,2,21325716,Vijayawada
312,4964.0,5.0,1,9123760,Hyderabad
313,1235.0,1.0,3,7282337,Chennai
314,2293.0,1.0,4,6768848,Mumbai
315,2282.0,5.0,4,5569617,Chennai
316,719.0,1.0,1,24773502,Chennai
317,1430.0,2.0,4,24429212,Vijayawada
318,4275.0,,4,22062623,Vijayawada
319,1969.0,4.0,3,16414920,Mumbai
320,1340.0,1.0,1,17596865,Vijayawada
321,716.0,4.0,3,6805377,Chennai
322,3438.0,1.0,1,13563986,Hyderabad
323,1750.0,,3,23357206,Mumbai
324,2531.0,5.0,3,24112738,Hyderabad
325,1612.0,2.0,2,3633520,Chennai
326,,2.0,4,5738413,Mumbai
327,1681.0,3.0,1,19514509,Hyderabad
328,1112.0,5.0,4,19181280,Mumbai
329,3449.0,,2,7306191,Chennai
330,1159.0,2.0,1,17613052,Mumbai
331,4272.0,5.0,2,9292515,Chennai
332,3943.0,2.0,4,15287452,Mumbai
333,4670.0,5.0,3,18205376,Mumbai
334,2070.0,1.0,2,4110320,Vijayawada
335,1180.0,2.0,2,13929979,Chennai
336,2894.0,2.0,3,15750673,Bangalore
337,3747.0,4.0,4,10865337,Mumbai
338,4849.0,5.0,2,2171367,Hyderabad
339,2279.0,,4,7346945,Vijayawada
340,4106.0,2.0,3,20288369,Vijayawada
341,3344.0,1.0,1,4997914,Mumbai
342,3956.0,,2,23341050,Bangalore
343,4645.0,1.0,4,13578863,Vijayawada
344,1843.0,5.0,3,1956185,Chennai
345,3718.0,4.0,3,10978475,Mumbai
346,2741.0,2.0,2,2587381,Mumbai
347,3659.0,3.0,1,2647407,Bangalore
348,3559.0,4.0,2,20523883,Chennai
349,,3.0,4,18286506,Chennai
350,,4.0,3,17622067,Bangalore
351,2235.0,1.0,1,7088658,Hyderabad
352,2357.0,5.0,4,5779490,Chennai
353,2670.0,3.0,2,3350123,Hyderabad
354,3449.0,4.0,3,19855229,Hyderabad
355,3851.0,5.0,2,24848532,Mumbai
356,4330.0,3.0,1,13918492,Mumbai
357,3089.0,2.0,1,15669397,Vijayawada
358,2231.0,4.0,1,10673696,Mumbai
359,3416.0,2.0,1,20286096,Chennai
360,1615.0,1.0,1,16104035,Chennai
361,1948.0,2.0,2,3365407,Hyderabad
362,3687.0,2.0,1,18160146,Chennai
363,3439.0,4.0,1,23825338,Mumbai
364,935.0,1.0,3,11769127,Mumbai
365,1495.0,2.0,1,15446875,Mumbai
366,4146.0,5.0,3,3974427,Bangalore
367,1451.0,3.0,3,11461174,Chennai
368,2287.0,2.0,3,6509486,Vijayawada
369,2531.0,1.0,2,4868410,Chennai
370,4346.0,2.0,2,2434814,Chennai
371,3027.0,3.0,4,6432206,Bangalore
372,2168.0,1.0,4,18001725,Chennai
373,,4.0,3,16797782,Hyderabad
374,3338.0,1.0,2,7906377,Mumbai
375,4098.0,,1,9416163,Mumbai
376,4513.0,1.0,4,4262734,Bangalore
377,1666.0,3.0,2,22429770,Mumbai
378,4980.0,3.0,1,21323381,Hyderabad
379,3044.0,1.0,1,12117218,Bangalore
380,4707.0,2.0,2,9690798,Vijayawada
381,3973.0,3.0,4,12026638,Mumbai
382,4569.0,4.0,2,7992197,Chennai
383,3146.0,4.0,4,15300909,Hyderabad
384,1353.0,5.0,3,22178575,Hyderabad
385,2682.0,4.0,2,18168096,Mumbai
386,3374.0,,2,2488807,Vijayawada
387,3496.0,1.0,4,15566225,Chennai
388,4785.0,1.0,4,12815081,Vijayawada
389,1375.0,1.0,2,7281801,Vijayawada
390,2225.0,2.0,1,20960900,Mumbai
391,3669.0,2.0,1,16047097,Chennai
392,1017.0,5.0,1,11873851,Mumbai
393,714.0,4.0,3,16370155,Mumbai
394,1216.0,4.0,3,22166416,Hyderabad
395,4574.0,1.0,4,15477229,Mumbai
396,3867.0,3.0,3,10589069,Bangalore
397,1425.0,2.0,1,2200066,Chennai
398,2116.0,2.0,2,22486635,Hyderabad
399,3746.0,1.0,3,6818259,Chennai
400,1012.0,2.0,3,6976433,Hyderabad
401,1328.0,1.0,1,18841483,Bangalore
402,3948.0,5.0,3,4293153,Mumbai
403,3408.0,4.0,4,16773729,Hyderabad
404,1275.0,3.0,2,5422874,Hyderabad
405,4065.0,4.0,1,16570993,Hyderabad
406,3104.0,4.0,4,14055029,Bangalore
407,3567.0,5.0,1,6350258,Chennai
408,3386.0,2.0,4,6122900,Bangalore
409,1722.0,3.0,2,22428727,Hyderabad
410,4679.0,2.0,2,5038236,Hyderabad
411,2171.0,4.0,4,24404035,Mumbai
412,2743.0,1.0,4,20359480,Bangalore
413,2287.0,4.0,4,23114051,Bangalore
414,4732.0,2.0,4,19886206,Vijayawada
415,4451.0,4.0,4,4201822,Chennai
416,4040.0,1.0,4,21645729,Vijayawada
417,4366.0,5.0,2,15034098,Vijayawada
418,2926.0,2.0,4,20916884,Chennai
419,3514.0,4.0,3,19063742,Mumbai
420,4552.0,2.0,2,13114972,Mumbai
421,1195.0,5.0,1,7153526,Chennai
422,1328.0,4.0,2,18181715,Chennai
423,1965.0,4.0,1,8894518,Bangalore
424,1298.0,2.0,1,3578850,Bangalore
425,995.0,2.0,3,16897718,Bangalore
426,4771.0,1.0,4,12246003,Bangalore
427,4960.0,5.0,4,15676636,Hyderabad
428,3102.0,1.0,2,2876807,Hyderabad
429,,4.0,4,9241734,Mumbai
430,1317.0,2.0,3,13083943,Hyderabad
431,3382.0,4.0,2,17087299,Hyderabad
432,4177.0,4.0,2,17924078,Bangalore
433,743.0,3.0,2,20036484,Bangalore
434,3740.0,3.0,4,20871705,Chennai
435,3538.0,4.0,4,20297828,Bangalore
436,4236.0,2.0,4,20102214,Chennai
437,3822.0,4.0,2,14304349,Chennai
438,1767.0,3.0,2,8317064,Hyderabad
439,3216.0,2.0,1,2375475,Bangalore
440,1662.0,4.0,1,1801065,Hyderabad
441,,5.0,4,11992349,Bangalore
442,3582.0,5.0,2,11919097,Hyderabad
443,3894.0,4.0,4,12865187,Hyderabad
444,1756.0,2.0,4,12022135,Hyderabad
445,1332.0,4.0,1,12028845,Mumbai
446,4930.0,4.0,3,23056648,Hyderabad
447,1553.0,3.0,4,16878624,Vijayawada
448,3139.0,5.0,3,9463024,Vijayawada
449,3924.0,3.0,3,9784268,Vijayawada
450,3901.0,3.0,2,4480631,Chennai
451,2142.0,4.0,2,16071418,Hyderabad
452,1791.0,3.0,4,17259622,Vijayawada
453,3593.0,5.0,1,11783336,Chennai
454,3281.0,3.0,1,4531402,Vijayawada
455,1817.0,5.0,4,4936386,Bangalore
456,2140.0,3.0,4,1695961,Mumbai
457,3836.0,5.0,1,9237099,Hyderabad
458,2986.0,3.0,3,5246050,Mumbai
459,4319.0,3.0,4,5626030,Mumbai
460,1988.0,2.0,3,21783476,Bangalore
461,2456.0,5.0,4,11393385,Bangalore
462,1965.0,5.0,4,20419213,Bangalore
463,1099.0,5.0,3,5579162,Chennai
464,2280.0,1.0,3,15239905,Vijayawada
465,1110.0,,1,7904892,Hyderabad
466,4912.0,5.0,4,4929031,Bangalore
467,1924.0,1.0,2,16269852,Hyderabad
468,1755.0,2.0,2,9388323,Hyderabad
469,2427.0,5.0,4,21004378,Hyderabad
470,3741.0,5.0,4,13270780,Bangalore
471,4086.0,1.0,4,17250845,Bangalore
472,2410.0,3.0,3,24271515,Vijayawada
473,3523.0,2.0,2,9421275,Bangalore
474,2814.0,5.0,2,11702707,Bangalore
475,4786.0,3.0,2,16449672,Hyderabad
476,1313.0,2.0,4,13772342,Vijayawada
477,4202.0,4.0,3,16383793,Mumbai
478,4734.0,4.0,4,10160592,Bangalore
479,4122.0,2.0,1,22967352,Bangalore
480,4868.0,1.0,1,10191520,Mumbai
481,1843.0,2.0,2,19084575,Hyderabad
482,4309.0,2.0,4,17187502,Vijayawada
483,1681.0,1.0,1,20210846,Hyderabad
484,1055.0,1.0,1,4661057,Chennai
485,1494.0,3.0,4,19341583,Bangalore
486,1984.0,3.0,3,11328213,Chennai
487,2558.0,1.0,4,21044100,Bangalore
488,3672.0,4.0,4,23503263,Chennai
489,2596.0,4.0,3,12116196,Mumbai
490,4885.0,2.0,2,23607169,Bangalore
491,1104.0,5.0,2,2599984,Bangalore
492,1814.0,2.0,2,16596983,Chennai
493,2131.0,2.0,3,11083490,Vijayawada
494,4040.0,5.0,1,24707276,Chennai
495,1423.0,1.0,3,16154662,Bangalore
496,1528.0,4.0,4,3894712,Bangalore
497,733.0,2.0,3,2621015,Vijayawada
498,2705.0,,1,10431138,Hyderabad
499,4227.0,3.0,1,12691374,Vijayawada
500,2452.0,2.0,4,11802940,Hyderabad
501,4775.0,4.0,2,11823740,Bangalore
502,,1.0,1,8672937,Mumbai
503,3884.0,2.0,1,21662591,Mumbai
504,,2.0,1,19148726,Chennai
505,3411.0,5.0,4,8085894,Vijayawada
506,1850.0,3.0,1,6091204,Vijayawada
507,4112.0,3.0,2,6111315,Mumbai
508,1856.0,1.0,4,8308807,Hyderabad
509,3976.0,4.0,2,22613023,Vijayawada
510,4086.0,1.0,1,9308915,Hyderabad
511,4184.0,2.0,1,18628987,Hyderabad
512,1996.0,2.0,2,12076141,Hyderabad
513,4237.0,3.0,4,6046475,Hyderabad
514,3930.0,4.0,4,10745406,Chennai
515,3303.0,5.0,2,9982784,Chennai
516,1070.0,4.0,1,15775443,Mumbai
517,,2.0,3,10223622,Chennai
518,3383.0,5.0,2,14654587,Vijayawada
519,3431.0,4.0,2,10684344,Chennai
520,957.0,4.0,2,9346431,Vijayawada
521,3619.0,5.0,1,3352040,Vijayawada
522,1267.0,,4,2399321,Hyderabad
523,1745.0,4.0,1,8899518,Mumbai
524,4785.0,5.0,2,5235568,Hyderabad
525,4319.0,,1,17171412,Hyderabad
526,3345.0,5.0,1,4020022,Chennai
527,1139.0,5.0,2,21462188,Chennai
528,3379.0,4.0,1,20425065,Vijayawada
529,4736.0,2.0,3,7655343,Chennai
530,4375.0,4.0,1,22212069,Chennai
531,3108.0,1.0,1,15212586,Bangalore
532,3379.0,1.0,4,18264921,Vijayawada
533,1524.0,2.0,4,9370579,Vijayawada
534,3556.0,5.0,2,21018402,Bangalore
535,2181.0,4.0,2,12103688,Vijayawada
536,3924.0,4.0,4,16053934,Mumbai
537,855.0,2.0,3,6790299,Mumbai
538,2438.0,,1,19644041,Bangalore
539,2544.0,1.0,3,14279891,Chennai
540,609.0,3.0,3,5328471,Mumbai
541,3471.0,2.0,4,3620556,Bangalore
542,1397.0,3.0,2,17039152,Mumbai
543,1615.0,2.0,1,11404283,Hyderabad
544,2424.0,5.0,2,9989573,Bangalore
545,3736.0,5.0,3,22003564,Vijayawada
546,2793.0,1.0,3,4816219,Mumbai
547,823.0,1.0,2,9467502,Vijayawada
548,4758.0,3.0,2,17602179,Bangalore
549,4525.0,2.0,4,24001390,Mumbai
550,4600.0,,2,14191181,Vijayawada
551,2233.0,1.0,2,4457428,Chennai
552,2752.0,4.0,4,14994327,Chennai
553,,4.0,2,7825598,Hyderabad
554,984.0,2.0,3,19946306,Bangalore
555,1004.0,3.0,2,17498177,Vijayawada
556,2600.0,2.0,1,12088041,Hyderabad
557,,1.0,3,15553597,Bangalore
558,2268.0,4.0,4,15665164,Chennai
559,2060.0,2.0,3,19388761,Vijayawada
560,4236.0,2.0,4,13595284,Mumbai
561,3324.0,2.0,1,9977852,Chennai
562,4778.0,1.0,1,21316598,Mumbai
563,2648.0,3.0,3,8548369,Mumbai
564,4746.0,,2,10082676,Vijayawada
565,1316.0,1.0,3,17868298,Vijayawada
566,2423.0,4.0,3,18186312,Mumbai
567,2681.0,5.0,1,2157739,Hyderabad
568,4019.0,1.0,4,19552637,Mumbai
569,2174.0,5.0,3,24393874,Mumbai
570,849.0,2.0,2,2196480,Vijayawada
571,1273.0,2.0,1,11217137,Bangalore
572,2765.0,1.0,3,23441837,Chennai
573,1370.0,5.0,3,8718708,Vijayawada
574,,2.0,2,17252064,Hyderabad
575,,4.0,3,24524112,Chennai
576,2584.0,3.0,3,8732874,Vijayawada
577,1677.0,,3,16931027,Vijayawada
578,835.0,2.0,3,20220635,Bangalore
579,988.0,5.0,2,22884227,Hyderabad
580,3637.0,2.0,3,21603470,Hyderabad
581,2448.0,5.0,3,20706581,Vijayawada
582,3414.0,4.0,3,17411637,Bangalore
583,3974.0,5.0,1,21249919,Vijayawada
584,3878.0,2.0,2,3887117,Mumbai
585,1852.0,4.0,1,17062293,Mumbai
586,4581.0,1.0,1,19297792,Bangalore
587,2722.0,3.0,2,18962521,Vijayawada
588,2750.0,2.0,1,17114952,Bangalore
589,1929.0,2.0,1,13455962,Vijayawada
590,1958.0,2.0,1,18734198,Vijayawada
591,3082.0,4.0,2,14308874,Mumbai
592,2617.0,1.0,3,16689686,Chennai
593,1931.0,5.0,4,20774753,Hyderabad
594,4944.0,1.0,4,7700513,Hyderabad
595,4861.0,4.0,2,15491077,Bangalore
596,1958.0,,4,10416726,Hyderabad
597,3777.0,,2,11096013,Mumbai
598,2728.0,2.0,2,13098203,Chennai
599,2780.0,5.0,4,15036066,Vijayawada
600,737.0,3.0,1,4286278,Vijayawada
601,4072.0,2.0,3,3367427,Mumbai
602,3432.0,3.0,4,14886012,Hyderabad
603,4179.0,1.0,4,14396368,Vijayawada
604,3631.0,,4,22081369,Hyderabad
605,4764.0,2.0,4,11178636,Mumbai
606,3193.0,5.0,2,24243535,Vijayawada
607,4900.0,1.0,2,8391313,Bangalore
608,4418.0,2.0,3,1816096,Chennai
609,,1.0,3,4572721,Hyderabad
610,4423.0,5.0,4,4662557,Hyderabad
611,,2.0,4,6671943,Hyderabad
612,2506.0,5.0,4,11990282,Hyderabad
613,1360.0,3.0,3,11809303,Mumbai
614,4045.0,5.0,4,5028206,Mumbai
615,1499.0,3.0,1,13978383,Mumbai
616,3547.0,2.0,3,12104336,Mumbai
617,2319.0,3.0,1,21919280,Vijayawada
618,880.0,2.0,4,12889611,Mumbai
619,3866.0,2.0,2,7953001,Vijayawada
620,2487.0,4.0,1,11005349,Bangalore
621,3866.0,2.0,3,13468007,Mumbai
622,1266.0,3.0,1,9440012,Bangalore
623,4788.0,,3,6236033,Mumbai
624,1271.0,4.0,4,11523647,Bangalore
625,2569.0,2.0,1,7004489,Chennai
626,4756.0,5.0,2,1518179,Bangalore
627,3722.0,,1,21711307,Vijayawada
628,4500.0,4.0,2,3023155,Hyderabad
629,1123.0,2.0,3,7521143,Bangalore
630,2993.0,5.0,4,23070775,Hyderabad
631,3717.0,2.0,4,14971798,Chennai
632,3193.0,2.0,2,21401465,Chennai
633,2568.0,4.0,3,20070019,Vijayawada
634,2353.0,4.0,4,3243174,Vijayawada
635,2896.0,1.0,3,24614697,Bangalore
636,2861.0,5.0,2,13294617,Mumbai
637,,5.0,2,21744974,Chennai
638,4802.0,5.0,1,7159659,Hyderabad
639,3478.0,3.0,4,24310240,Mumbai
640,4743.0,2.0,4,21779155,Chennai
641,4244.0,4.0,1,10196241,Bangalore
642,2655.0,5.0,2,16212728,Chennai
643,1876.0,1.0,2,7509039,Vijayawada
644,3366.0,5.0,2,18420708,Hyderabad
645,,2.0,2,21166115,Hyderabad
646,1238.0,2.0,3,7207013,Vijayawada
647,655.0,4.0,4,1725648,Mumbai
648,1125.0,3.0,4,17870790,Vijayawada
649,4723.0,4.0,2,4088279,Hyderabad
650,2725.0,5.0,2,6297622,Bangalore
651,3887.0,1.0,2,24632582,Mumbai
652,964.0,4.0,4,13941843,Chennai
653,2246.0,3.0,4,15449551,Bangalore
654,1518.0,4.0,2,24520086,Mumbai
655,3397.0,2.0,3,6430952,Hyderabad
656,2131.0,5.0,1,11433326,Hyderabad
657,3945.0,5.0,1,18674564,Bangalore
658,2506.0,5.0,1,8180753,Mumbai
659,3686.0,5.0,4,8881630,Chennai
660,2675.0,5.0,4,7229908,Chennai
661,1313.0,5.0,1,23409575,Vijayawada
662,1662.0,1.0,1,20335807,Bangalore
663,2576.0,3.0,3,22277582,Mumbai
664,1896.0,5.0,4,1526296,Bangalore
665,725.0,3.0,4,7750600,Chennai
666,4196.0,5.0,1,17377778,Mumbai
667,3883.0,4.0,3,12585625,Hyderabad
668,2203.0,5.0,3,11538645,Hyderabad
669,666.0,2.0,1,17293411,Mumbai
670,832.0,1.0,1,8291466,Bangalore
671,2756.0,4.0,4,18376290,Bangalore
672,1769.0,,1,2023136,Hyderabad
673,2758.0,2.0,2,15551819,Hyderabad
674,4806.0,5.0,3,4278550,Chennai
675,2093.0,1.0,1,23818126,Mumbai
676,4607.0,4.0,2,20294580,Bangalore
677,3072.0,1.0,3,17369613,Chennai
678,3260.0,4.0,2,12828569,Bangalore
679,3339.0,5.0,2,22554430,Hyderabad
680,2361.0,4.0,1,24949808,Mumbai
681,4114.0,4.0,3,6207575,Vijayawada
682,2575.0,3.0,2,24732550,Mumbai
683,2962.0,5.0,4,2531810,Vijayawada
684,1476.0,,3,15030914,Chennai
685,4412.0,2.0,4,13497945,Vijayawada
686,4048.0,5.0,1,12773628,Vijayawada
687,1912.0,2.0,4,15945489,Chennai
688,2060.0,5.0,3,8243485,Mumbai
689,3309.0,2.0,2,2141075,Chennai
690,2924.0,3.0,2,5260501,Hyderabad
691,2333.0,2.0,3,15832834,Hyderabad
692,2205.0,4.0,2,8499993,Vijayawada
693,3163.0,5.0,4,4643197,Chennai
694,4021.0,1.0,2,18309862,Chennai
695,,1.0,2,18238982,Chennai
696,2997.0,5.0,4,19401918,Mumbai
697,4335.0,3.0,4,11192401,Bangalore
698,3470.0,2.0,4,10272990,Bangalore
699,1760.0,3.0,1,2092947,Bangalore
700,842.0,1.0,4,17302876,Mumbai
701,3190.0,5.0,4,15207555,Chennai
702,1663.0,5.0,1,10571706,Bangalore
703,4924.0,3.0,2,22608135,Chennai
704,3195.0,3.0,4,18913788,Vijayawada
705,1519.0,2.0,3,3776148,Bangalore
706,605.0,,4,7178444,Vijayawada
707,1067.0,4.0,4,3943413,Mumbai
708,4770.0,2.0,1,2454183,Hyderabad
709,603.0,4.0,3,14293102,Mumbai
710,1245.0,1.0,2,24088272,Mumbai
711,717.0,4.0,2,6223391,Mumbai
712,3528.0,2.0,3,1983843,Bangalore
713,3151.0,4.0,4,2249130,Vijayawada
714,4889.0,5.0,1,12896905,Bangalore
715,1446.0,3.0,3,24658813,Hyderabad
716,3362.0,1.0,3,19255278,Mumbai
717,1741.0,5.0,2,4939540,Chennai
718,2410.0,5.0,1,11072367,Hyderabad
719,,2.0,3,19743694,Vijayawada
720,824.0,3.0,1,3800775,Hyderabad
721,4808.0,3.0,4,21439434,Bangalore
722,2648.0,1.0,2,1928410,Chennai
723,2173.0,2.0,4,5577729,Bangalore
724,2428.0,1.0,1,2274426,Mumbai
725,,4.0,4,12432492,Mumbai
726,4834.0,5.0,2,4238659,Hyderabad
727,2626.0,1.0,1,14651304,Mumbai
728,4344.0,5.0,3,2586706,Mumbai
729,1501.0,2.0,4,14546357,Vijayawada
730,,4.0,2,16549502,Vijayawada
731,609.0,2.0,3,10704994,Bangalore
732,860.0,4.0,2,9215613,Bangalore
733,2273.0,4.0,1,13973492,Vijayawada
734,2819.0,5.0,1,12131010,Hyderabad
735,2660.0,2.0,4,23497957,Vijayawada
736,4313.0,2.0,2,18459451,Bangalore
737,2219.0,1.0,2,21306623,Chennai
738,920.0,2.0,2,14017801,Mumbai
739,1942.0,,1,16052036,Chennai
740,2976.0,3.0,4,10476061,Chennai
741,3432.0,3.0,2,6099000,Mumbai
742,3424.0,3.0,2,13755135,Vijayawada
743,2594.0,2.0,3,8228546,Hyderabad
744,3558.0,2.0,2,20965431,Chennai
745,2638.0,,4,6041759,Hyderabad
746,,4.0,3,11432917,Bangalore
747,4277.0,,3,17563345,Chennai
748,1718.0,3.0,3,19738431,Bangalore
749,2204.0,1.0,1,19940790,Vijayawada
750,4627.0,4.0,3,22563719,Chennai
751,835.0,2.0,2,4148766,Bangalore
752,2569.0,1.0,1,13065475,Bangalore
753,2508.0,3.0,1,10606071,Vijayawada
754,975.0,3.0,1,14588862,Hyderabad
755,4130.0,2.0,1,2740505,Hyderabad
756,3235.0,1.0,1,13015437,Chennai
757,2170.0,4.0,1,6029100,Vijayawada
758,3160.0,2.0,1,24057321,Chennai
759,3991.0,1.0,3,13292342,Hyderabad
760,,5.0,4,16996657,Vijayawada
761,4243.0,3.0,2,6616191,Mumbai
762,4450.0,4.0,2,14955200,Vijayawada
763,1472.0,4.0,3,21755131,Vijayawada
764,,4.0,3,19995887,Mumbai
765,1914.0,3.0,1,2892775,Bangalore
766,3498.0,1.0,4,20835145,Bangalore
767,677.0,2.0,1,21853782,Bangalore
768,3221.0,1.0,3,20674647,Hyderabad
769,4827.0,2.0,1,9531050,Vijayawada
770,1200.0,4.0,2,18099749,Mumbai
771,1665.0,1.0,2,22461788,Hyderabad
772,2736.0,4.0,1,20128043,Mumbai
773,3049.0,5.0,4,12072251,Hyderabad
774,2943.0,4.0,1,23564684,Hyderabad
775,2463.0,4.0,1,1701657,Hyderabad
776,1918.0,2.0,4,11036336,Mumbai
777,4197.0,5.0,4,9253759,Chennai
778,4362.0,4.0,4,10685159,Hyderabad
779,2790.0,4.0,2,4983765,Bangalore
780,1592.0,5.0,1,21439111,Vijayawada
781,3312.0,5.0,3,24231959,Chennai
782,2792.0,1.0,4,13145118,Chennai
783,1848.0,2.0,4,4635210,Mumbai
784,3654.0,5.0,1,17709645,Chennai
785,4633.0,5.0,3,18407991,Mumbai
786,2597.0,3.0,1,4680617,Mumbai
787,4287.0,5.0,1,1726406,Bangalore
788,2751.0,2.0,4,5230278,Hyderabad
789,4618.0,4.0,4,14218665,Chennai
790,3710.0,4.0,2,20978947,Hyderabad
791,2570.0,4.0,3,5417563,Hyderabad
792,797.0,4.0,3,22701009,Hyderabad
793,,3.0,4,11344090,Mumbai
794,1802.0,5.0,4,10700952,Hyderabad
795,2635.0,4.0,4,11349069,Chennai
796,1077.0,1.0,3,5531660,Mumbai
797,1854.0,4.0,2,17179566,Chennai
798,1522.0,5.0,3,14908129,Mumbai
799,1019.0,,4,19951036,Vijayawada
800,,,4,22852670,Vijayawada
801,3197.0,2.0,2,20647344,Vijayawada
802,1720.0,2.0,1,13523450,Vijayawada
803,3668.0,5.0,1,21568724,Mumbai
804,1550.0,2.0,3,7194696,Hyderabad
805,,2.0,1,9780974,Bangalore
806,2843.0,1.0,1,6567579,Bangalore
807,3245.0,5.0,3,21433946,Vijayawada
808,2457.0,5.0,4,22276877,Hyderabad
809,2465.0,2.0,1,3629708,Chennai
810,3512.0,2.0,4,20966619,Hyderabad
811,3453.0,2.0,3,17723001,Chennai
812,3828.0,3.0,4,4605381,Bangalore
813,4319.0,4.0,4,18498962,Hyderabad
814,3828.0,3.0,3,3603715,Hyderabad
815,2971.0,5.0,4,22682515,Bangalore
816,3491.0,1.0,1,4136594,Hyderabad
817,4356.0,4.0,1,23173741,Chennai
818,4825.0,1.0,1,4799248,Hyderabad
819,694.0,5.0,1,7232556,Chennai
820,3274.0,5.0,4,18038600,Vijayawada
821,2555.0,1.0,1,1762328,Hyderabad
822,1393.0,1.0,4,10040129,Chennai
823,2434.0,,2,6012781,Bangalore
824,2716.0,5.0,4,3376213,Vijayawada
825,4706.0,,1,22467414,Hyderabad
826,3925.0,1.0,2,4046946,Chennai
827,3519.0,4.0,3,13747905,Hyderabad
828,3197.0,5.0,4,22588295,Chennai
829,3805.0,3.0,1,10912220,Hyderabad
830,1414.0,3.0,1,2266913,Vijayawada
831,945.0,4.0,1,19429633,Vijayawada
832,2949.0,2.0,3,11906873,Hyderabad
833,962.0,1.0,2,14573758,Hyderabad
834,3043.0,5.0,2,12364648,Mumbai
835,2865.0,1.0,1,5703028,Hyderabad
836,2788.0,5.0,4,11335484,Hyderabad
837,3605.0,3.0,1,3238746,Vijayawada
838,3881.0,1.0,1,14074488,Hyderabad
839,1584.0,4.0,4,6694085,Bangalore
840,2239.0,,1,19145945,Hyderabad
841,1427.0,4.0,3,13113208,Mumbai
842,3330.0,2.0,1,20264168,Chennai
843,4131.0,1.0,3,4593606,Vijayawada
844,3535.0,1.0,1,8386077,Bangalore
845,4476.0,2.0,2,23195723,Chennai
846,726.0,3.0,4,7269764,Bangalore
847,3777.0,5.0,2,3352175,Vijayawada
848,3656.0,4.0,1,20462212,Mumbai
849,1203.0,4.0,1,24658423,Vijayawada
850,4049.0,4.0,3,11407731,Bangalore
851,4746.0,1.0,1,15736296,Bangalore
852,4133.0,4.0,1,18800508,Vijayawada
853,3967.0,5.0,1,15797630,Hyderabad
854,3968.0,5.0,2,2721650,Vijayawada
855,4397.0,2.0,3,24262643,Mumbai
856,2392.0,1.0,2,1524022,Vijayawada
857,3461.0,5.0,3,14167370,Chennai
858,4076.0,3.0,2,7675002,Hyderabad
859,4017.0,1.0,1,18425533,Chennai
860,2245.0,1.0,2,22031028,Vijayawada
861,1805.0,5.0,2,15766480,Hyderabad
862,3630.0,3.0,3,1896742,Chennai
863,3472.0,,3,23218677,Chennai
864,3672.0,5.0,2,11243689,Hyderabad
865,2454.0,3.0,3,9363550,Hyderabad
866,4621.0,1.0,3,22407606,Bangalore
867,3308.0,3.0,3,21452477,Hyderabad
868,4102.0,1.0,4,15363521,Vijayawada
869,1932.0,5.0,3,19465563,Mumbai
870,801.0,5.0,4,4332003,Bangalore
871,,4.0,4,21026097,Hyderabad
872,,4.0,3,2535670,Mumbai
873,1174.0,4.0,2,24102849,Bangalore
874,1136.0,5.0,3,7939201,Vijayawada
875,,2.0,1,21708483,Mumbai
876,2722.0,5.0,2,2652738,Hyderabad
877,985.0,3.0,4,2679280,Hyderabad
878,3881.0,5.0,4,10366573,Vijayawada
879,1074.0,5.0,2,12639695,Bangalore
880,1017.0,1.0,2,6339242,Mumbai
881,4200.0,1.0,3,14475800,Vijayawada
882,,1.0,4,14825004,Bangalore
883,1805.0,5.0,1,20037568,Chennai
884,4720.0,2.0,3,17058008,Chennai
885,2590.0,3.0,2,9431329,Bangalore
886,4172.0,,4,1906497,Hyderabad
887,4980.0,2.0,2,14342100,Hyderabad
888,4758.0,2.0,2,13279676,Chennai
889,3313.0,3.0,2,12018308,Hyderabad
890,2803.0,4.0,3,2511403,Hyderabad
891,3720.0,1.0,1,18223737,Bangalore
892,1566.0,1.0,1,15499609,Bangalore
893,4032.0,3.0,4,24195100,Hyderabad
894,1288.0,2.0,2,14307643,Bangalore
895,4843.0,4.0,1,6897826,Mumbai
896,4301.0,3.0,2,24001971,Chennai
897,941.0,1.0,4,9378601,Mumbai
898,2324.0,5.0,2,15069203,Mumbai
899,2392.0,2.0,1,23771156,Hyderabad
900,2359.0,5.0,2,19724062,Hyderabad
901,3812.0,3.0,1,23103316,Mumbai
902,1589.0,1.0,4,9345658,Mumbai
903,2862.0,4.0,2,14149758,Vijayawada
904,3082.0,5.0,1,10331593,Vijayawada
905,1551.0,4.0,4,11426917,Chennai
906,1322.0,1.0,2,22847850,Mumbai
907,3989.0,5.0,4,20783430,Bangalore
908,2679.0,4.0,1,6245150,Vijayawada
909,3317.0,4.0,2,10456084,Hyderabad
910,2932.0,5.0,2,16848436,Mumbai
911,3976.0,1.0,2,18846580,Bangalore
912,2100.0,4.0,4,3907698,Bangalore
913,885.0,3.0,4,24925283,Bangalore
914,4095.0,5.0,1,5857452,Hyderabad
915,2665.0,2.0,3,18393043,Vijayawada
916,1368.0,2.0,2,17697020,Bangalore
917,3657.0,1.0,2,24118648,Vijayawada
918,4889.0,3.0,1,14886679,Chennai
919,2761.0,4.0,2,16748125,Hyderabad
920,3893.0,2.0,4,10179322,Vijayawada
921,1546.0,1.0,4,14170907,Vijayawada
922,3935.0,3.0,2,3637810,Bangalore
923,4750.0,3.0,2,13417120,Bangalore
924,2081.0,1.0,4,3917490,Hyderabad
925,2501.0,1.0,2,11135763,Vijayawada
926,4051.0,4.0,4,8165472,Mumbai
927,4664.0,1.0,3,4043440,Bangalore
928,,4.0,3,9735022,Bangalore
929,2423.0,4.0,2,17480593,Chennai
930,4062.0,,2,9557135,Hyderabad
931,3679.0,3.0,2,18714950,Vijayawada
932,1432.0,3.0,4,22615295,Vijayawada
933,,3.0,3,19899536,Vijayawada
934,3090.0,5.0,3,10468387,Bangalore
935,927.0,4.0,1,24838859,Hyderabad
936,3910.0,,1,11701475,Vijayawada
937,3900.0,1.0,2,20704852,Mumbai
938,4275.0,5.0,4,21564192,Chennai
939,3654.0,,2,22868672,Chennai
940,2743.0,5.0,3,5201190,Vijayawada
941,1911.0,1.0,2,1850912,Bangalore
942,3791.0,2.0,2,3460783,Chennai
943,3138.0,3.0,3,20924565,Chennai
944,4583.0,3.0,3,15175646,Chennai
945,764.0,4.0,3,16396261,Chennai
946,4877.0,2.0,3,7653608,Vijayawada
947,1422.0,3.0,1,8637219,Hyderabad
948,1543.0,4.0,4,19045494,Hyderabad
949,1374.0,2.0,4,11916885,Bangalore
950,2798.0,3.0,3,19004618,Mumbai
951,3756.0,1.0,4,13478476,Hyderabad
952,4842.0,5.0,4,7164938,Mumbai
953,4295.0,2.0,4,10216134,Hyderabad
954,4052.0,4.0,4,10933752,Hyderabad
955,1514.0,2.0,3,6817199,Bangalore
956,1908.0,4.0,2,16784497,Chennai
957,4777.0,2.0,2,24306523,Bangalore
958,1113.0,4.0,2,11829242,Hyderabad
959,2520.0,3.0,1,11899630,Chennai
960,4194.0,1.0,4,13253979,Chennai
961,2009.0,3.0,3,3807396,Chennai
962,3790.0,1.0,3,8455855,Mumbai
963,2155.0,3.0,1,5709294,Hyderabad
964,1404.0,3.0,3,16841865,Vijayawada
965,1879.0,,2,23463245,Bangalore
966,4177.0,5.0,1,13550977,Mumbai
967,3501.0,,3,12115087,Bangalore
968,1987.0,4.0,1,12851506,Vijayawada
969,3361.0,4.0,1,11900647,Chennai
970,3279.0,1.0,3,9129038,Vijayawada
971,2706.0,4.0,2,7163369,Bangalore
972,4823.0,4.0,3,11897188,Vijayawada
973,3368.0,2.0,4,16172755,Hyderabad
974,4553.0,3.0,4,18019028,Vijayawada
975,3786.0,4.0,3,7093813,Hyderabad
976,3880.0,5.0,2,3714934,Vijayawada
977,3173.0,4.0,4,3931500,Hyderabad
978,3199.0,1.0,4,18329715,Hyderabad
979,4633.0,1.0,3,6999903,Vijayawada
980,836.0,1.0,3,8122811,Mumbai
981,1904.0,4.0,3,6886859,Chennai
982,4030.0,2.0,1,12134168,Chennai
983,1901.0,5.0,1,5517380,Chennai
984,3141.0,4.0,1,17060343,Hyderabad
985,2651.0,2.0,3,14032512,Chennai
986,1041.0,2.0,2,22843123,Hyderabad
987,2676.0,4.0,4,4985627,Mumbai
988,3780.0,4.0,1,16510991,Vijayawada
989,,2.0,2,2225311,Vijayawada
990,4398.0,2.0,3,9547901,Hyderabad
991,1404.0,2.0,1,5560011,Hyderabad
992,674.0,4.0,3,6487208,Mumbai
993,2775.0,2.0,2,12351056,Chennai
994,4524.0,1.0,1,15270822,Mumbai
995,2689.0,4.0,1,7671450,Vijayawada
996,640.0,1.0,1,7938082,Vijayawada
997,2681.0,3.0,1,19857088,Chennai
998,2222.0,4.0,2,22297227,Vijayawada
999,941.0,3.0,1,6823679,Hyderabad
1000,4652.0,2.0,4,24803690,Vijayawada
1001,2674.0,2.0,4,2499529,Bangalore
1002,1245.0,5.0,3,7022177,Chennai
1003,4863.0,2.0,1,23047900,Chennai
1004,1209.0,3.0,4,20618275,Chennai
1005,1054.0,,4,24093488,Bangalore
1006,3553.0,4.0,4,7946811,Mumbai
1007,2308.0,2.0,2,19765437,Hyderabad
1008,4072.0,5.0,1,20320519,Chennai
1009,3569.0,2.0,2,15055373,Vijayawada
1010,3628.0,3.0,2,5723191,Hyderabad
1011,,3.0,4,23959484,Vijayawada
1012,4229.0,2.0,4,12776547,Hyderabad
1013,4825.0,3.0,3,24741278,Hyderabad
1014,3667.0,3.0,1,18528636,Vijayawada
1015,1986.0,5.0,1,19255994,Vijayawada
1016,4376.0,4.0,4,22418556,Hyderabad
1017,3466.0,5.0,4,20910935,Chennai
1018,3963.0,1.0,1,17698003,Vijayawada
1019,4724.0,5.0,3,21034202,Bangalore
1020,748.0,2.0,4,15747190,Bangalore
1021,4450.0,4.0,3,15946310,Hyderabad
1022,2658.0,2.0,2,20302347,Mumbai
1023,1736.0,1.0,4,24788751,Hyderabad
1024,786.0,4.0,2,17757715,Hyderabad
1025,3454.0,3.0,4,18481686,Chennai
1026,1850.0,,2,15437356,Chennai
1027,1933.0,2.0,4,13712436,Mumbai
1028,4793.0,1.0,3,2124559,Mumbai
1029,4750.0,3.0,3,22397891,Mumbai
1030,3311.0,5.0,3,2600911,Mumbai
1031,2385.0,3.0,2,3640467,Mumbai
1032,1350.0,5.0,3,3530245,Hyderabad
1033,2362.0,4.0,2,4488506,Hyderabad
1034,4520.0,3.0,4,15533007,Bangalore
1035,1081.0,,2,5148598,Bangalore
1036,753.0,3.0,4,5743638,Vijayawada
1037,2124.0,4.0,1,24755636,Hyderabad
1038,2720.0,1.0,1,6935148,Mumbai
1039,,5.0,1,7595012,Vijayawada
1040,1840.0,3.0,2,17722297,Chennai
1041,660.0,4.0,1,1706823,Hyderabad
1042,1538.0,1.0,1,6466637,Bangalore
1043,2239.0,5.0,1,4414278,Hyderabad
1044,4720.0,4.0,4,12148085,Hyderabad
1045,,5.0,3,14762502,Hyderabad
1046,4169.0,3.0,2,17413686,Hyderabad
1047,1852.0,1.0,1,5495705,Chennai
1048,4803.0,4.0,4,20118257,Bangalore
1049,771.0,1.0,3,5232477,Hyderabad
1050,2058.0,3.0,3,24985421,Chennai
1051,,1.0,3,15046313,Vijayawada
1052,4797.0,1.0,4,9878022,Hyderabad
1053,2922.0,2.0,1,24384189,Chennai
1054,2236.0,1.0,3,16699046,Mumbai
1055,3715.0,,4,13317478,Vijayawada
1056,4690.0,4.0,4,6730788,Bangalore
1057,3604.0,2.0,2,22794912,Hyderabad
1058,929.0,4.0,4,15735020,Hyderabad
1059,4240.0,4.0,3,4860408,Chennai
1060,4494.0,3.0,3,18478919,Bangalore
1061,,3.0,4,20733543,Mumbai
1062,1941.0,2.0,3,22987248,Vijayawada
1063,4263.0,3.0,4,18344389,Bangalore
1064,815.0,3.0,3,21109934,Hyderabad
1065,938.0,3.0,2,15717848,Chennai
1066,4662.0,4.0,1,10122654,Mumbai
1067,3308.0,2.0,2,3792007,Chennai
1068,3752.0,4.0,2,6050642,Vijayawada
1069,2350.0,5.0,1,21100467,Bangalore
1070,3021.0,4.0,3,8235714,Chennai
1071,1309.0,5.0,1,6402021,Chennai
1072,4326.0,,4,8979773,Hyderabad
1073,4242.0,1.0,1,13671896,Chennai
1074,4593.0,5.0,2,22015134,Mumbai
1075,1088.0,5.0,1,4252878,Bangalore
1076,646.0,4.0,3,5819020,Vijayawada
1077,3959.0,5.0,2,18287123,Chennai
1078,1000.0,2.0,4,5668142,Mumbai
1079,4590.0,1.0,3,6576561,Vijayawada
1080,3757.0,1.0,2,13591404,Mumbai
1081,4945.0,,4,6145399,Chennai
1082,990.0,3.0,3,4599815,Chennai
1083,4453.0,3.0,4,9399405,Bangalore
1084,1228.0,5.0,1,23978811,Hyderabad
1085,4832.0,2.0,1,18035498,Mumbai
1086,3530.0,3.0,4,15048613,Hyderabad
1087,2121.0,5.0,1,2860247,Hyderabad
1088,1426.0,2.0,4,7724984,Vijayawada
1089,2100.0,2.0,3,20236828,Vijayawada
1090,3894.0,4.0,2,20096289,Mumbai
1091,3019.0,2.0,4,20465373,Hyderabad
1092,1534.0,3.0,2,14033279,Bangalore
1093,3642.0,3.0,2,5631980,Hyderabad
1094,2066.0,5.0,4,2521983,Vijayawada
1095,,5.0,1,19970711,Hyderabad
1096,1214.0,2.0,3,23810039,Chennai
1097,1782.0,1.0,2,3326650,Chennai
1098,3823.0,4.0,3,15046755,Bangalore
1099,,1.0,2,20259383,Mumbai
1100,730.0,2.0,4,23920758,Hyderabad
1101,3583.0,2.0,1,1681532,Chennai
1102,4878.0,1.0,3,17585601,Mumbai
1103,638.0,4.0,2,21568893,Chennai
1104,4559.0,1.0,4,24828345,Mumbai
1105,4187.0,5.0,4,12403699,Mumbai
1106,1520.0,3.0,2,7017967,Chennai
1107,3369.0,5.0,2,24736528,Vijayawada
1108,4711.0,3.0,2,17740484,Mumbai
1109,1092.0,2.0,1,10109707,Hyderabad
1110,1731.0,4.0,2,24246904,Chennai
1111,4121.0,1.0,2,17101504,Vijayawada
1112,910.0,4.0,1,22111470,Chennai
1113,1338.0,1.0,4,8079327,Bangalore
1114,,5.0,2,10526896,Hyderabad
1115,1145.0,5.0,3,21844528,Bangalore
1116,3061.0,1.0,4,12578579,Mumbai
1117,4946.0,4.0,3,21589000,Mumbai
1118,2404.0,1.0,2,12471075,Bangalore
1119,3812.0,2.0,1,2177510,Bangalore
1120,4410.0,5.0,1,8731021,Mumbai
1121,1413.0,2.0,1,8896822,Vijayawada
1122,4724.0,5.0,2,24372224,Hyderabad
1123,2632.0,5.0,2,8593536,Chennai
1124,844.0,,3,5800675,Bangalore
1125,871.0,2.0,1,20673184,Hyderabad
1126,4111.0,2.0,2,18206665,Chennai
1127,2371.0,3.0,4,13521588,Chennai
1128,1862.0,4.0,2,5585198,Bangalore
1129,3024.0,,2,9332728,Vijayawada
1130,4961.0,1.0,4,5912176,Vijayawada
1131,1520.0,,1,20947938,Hyderabad
1132,4030.0,2.0,4,18929955,Hyderabad
1133,,4.0,1,23379299,Mumbai
1134,4360.0,2.0,4,20048187,Vijayawada
1135,2650.0,5.0,3,24592486,Hyderabad
1136,4100.0,1.0,1,20529529,Mumbai
1137,1765.0,3.0,2,20316458,Chennai
1138,975.0,5.0,3,12434807,Hyderabad
1139,2633.0,4.0,1,15707716,Mumbai
1140,745.0,,1,7878252,Vijayawada
1141,4988.0,5.0,1,10973660,Chennai
1142,1031.0,4.0,4,16075275,Hyderabad
1143,1304.0,5.0,1,16837193,Vijayawada
1144,3232.0,3.0,2,19503858,Chennai
1145,1563.0,2.0,1,15933554,Bangalore
1146,2834.0,5.0,2,18403475,Vijayawada
1147,2641.0,3.0,2,7147061,Bangalore
1148,2428.0,2.0,2,5590798,Hyderabad
1149,2708.0,2.0,3,2338628,Mumbai
1150,4668.0,5.0,2,2909399,Hyderabad
1151,1538.0,3.0,4,15310845,Vijayawada
1152,1406.0,5.0,1,4514445,Bangalore
1153,2063.0,4.0,4,21609515,Bangalore
1154,4015.0,2.0,3,23015228,Chennai
1155,610.0,5.0,1,8996340,Hyderabad
1156,2468.0,2.0,2,14875562,Hyderabad
1157,,3.0,1,1624283,Vijayawada
1158,4164.0,1.0,3,6137412,Bangalore
1159,1989.0,5.0,3,5234073,Vijayawada
1160,4001.0,5.0,4,24385137,Vijayawada
1161,4921.0,2.0,1,22155211,Bangalore
1162,1424.0,3.0,1,24782874,Vijayawada
1163,2865.0,4.0,1,6341700,Bangalore
1164,1536.0,3.0,4,21170846,Vijayawada
1165,3400.0,5.0,3,12231787,Mumbai
1166,3153.0,4.0,2,4501046,Vijayawada
1167,4445.0,3.0,1,1537117,Vijayawada
1168,2396.0,1.0,4,13164316,Mumbai
1169,653.0,2.0,4,20302774,Hyderabad
1170,1326.0,3.0,2,21632888,Bangalore
1171,3336.0,3.0,3,22659869,Chennai
1172,3770.0,1.0,1,13775075,Mumbai
1173,2513.0,5.0,1,5098557,Hyderabad
1174,2196.0,2.0,4,14128364,Vijayawada
1175,2514.0,3.0,3,17409801,Hyderabad
1176,3066.0,4.0,1,23526750,Mumbai
1177,3337.0,3.0,2,19226000,Vijayawada
1178,1449.0,2.0,3,15318701,Hyderabad
1179,2709.0,3.0,3,24691991,Chennai
1180,,1.0,4,23363598,Bangalore
1181,4855.0,3.0,4,22690535,Bangalore
1182,4669.0,3.0,1,20138807,Mumbai
1183,1492.0,4.0,4,11710577,Vijayawada
1184,2630.0,1.0,3,11555714,Vijayawada
1185,3760.0,1.0,1,6618168,Bangalore
1186,,3.0,1,14661168,Hyderabad
1187,2533.0,4.0,3,14742015,Vijayawada
1188,1980.0,3.0,1,12264556,Chennai
1189,4281.0,3.0,2,23991773,Chennai
1190,1890.0,2.0,2,19963194,Vijayawada
1191,2240.0,2.0,1,15071427,Vijayawada
1192,3282.0,4.0,4,11301817,Bangalore
1193,1587.0,5.0,2,10123145,Mumbai
1194,1818.0,2.0,1,6916300,Bangalore
1195,1955.0,5.0,2,9351801,Mumbai
1196,4865.0,1.0,4,22548277,Chennai
1197,4735.0,2.0,3,19874475,Mumbai
1198,2160.0,2.0,1,18410623,Bangalore
1199,2018.0,4.0,1,3174842,Vijayawada
1200,1554.0,5.0,1,23983424,Mumbai
1201,1583.0,2.0,1,16424412,Bangalore
1202,1574.0,2.0,1,2155860,Chennai
1203,4733.0,,1,7391709,Mumbai
1204,4572.0,4.0,4,13257619,Chennai
1205,1513.0,5.0,3,13828851,Chennai
1206,636.0,1.0,4,8003784,Hyderabad
1207,3987.0,1.0,4,21409306,Mumbai
1208,2311.0,3.0,3,11295499,Bangalore
1209,3620.0,2.0,4,15776199,Mumbai
1210,1395.0,5.0,2,14827988,Mumbai
1211,4636.0,2.0,4,2030901,Chennai
1212,3711.0,,1,6590769,Chennai
1213,1924.0,5.0,2,19523727,Chennai
1214,,5.0,2,19139850,Chennai
1215,2996.0,2.0,3,11880943,Bangalore
1216,2762.0,4.0,4,3070925,Vijayawada
1217,,2.0,4,4143508,Hyderabad
1218,2191.0,5.0,2,19112705,Chennai
1219,3711.0,3.0,4,6499682,Chennai
1220,4530.0,1.0,4,12661667,Hyderabad
1221,2596.0,5.0,3,6303829,Chennai
1222,1912.0,3.0,2,10156521,Vijayawada
1223,1885.0,4.0,1,5325971,Mumbai
1224,4911.0,5.0,2,9425660,Hyderabad
1225,2983.0,3.0,3,15210687,Bangalore
1226,3839.0,5.0,3,4749950,Hyderabad
1227,2739.0,,3,8273060,Vijayawada
1228,2304.0,3.0,4,16134916,Bangalore
1229,962.0,2.0,2,20407802,Mumbai
1230,3204.0,2.0,4,23280054,Chennai
1231,2316.0,3.0,4,15153024,Hyderabad
1232,4886.0,1.0,2,5378979,Bangalore
1233,4338.0,3.0,3,6847519,Hyderabad
1234,3069.0,1.0,1,18720820,Mumbai
1235,1156.0,5.0,1,13347006,Hyderabad
1236,,5.0,2,2703307,Bangalore
1237,3408.0,3.0,2,7896119,Vijayawada
1238,3319.0,5.0,3,9226409,Bangalore
1239,4108.0,4.0,2,18300304,Hyderabad
1240,4341.0,2.0,2,6811344,Mumbai
1241,2174.0,2.0,3,3440929,Chennai
1242,4598.0,1.0,3,20152606,Chennai
1243,2729.0,5.0,4,24719843,Mumbai
1244,3003.0,1.0,2,9585898,Hyderabad
1245,3929.0,2.0,1,7489520,Mumbai
1246,1188.0,2.0,2,6780619,Hyderabad
1247,2612.0,5.0,1,13948705,Bangalore
1248,2147.0,4.0,1,11076645,Vijayawada
1249,894.0,4.0,1,22488872,Hyderabad
1250,2585.0,5.0,4,14209700,Chennai
1251,3717.0,5.0,3,13590452,Chennai
1252,2290.0,1.0,3,8383784,Vijayawada
1253,1736.0,5.0,4,6670428,Hyderabad
1254,2664.0,4.0,3,14056150,Vijayawada
1255,1607.0,5.0,4,17585063,Bangalore
1256,3114.0,1.0,2,8934462,Vijayawada
1257,4126.0,1.0,4,5397619,Bangalore
1258,1847.0,1.0,3,12436090,Chennai
1259,4502.0,1.0,3,14723157,Bangalore
1260,2035.0,3.0,2,6236340,Hyderabad
1261,1171.0,5.0,4,15820539,Hyderabad
1262,2982.0,2.0,2,11156773,Hyderabad
1263,1845.0,5.0,1,23716450,Hyderabad
1264,2684.0,3.0,4,15885092,Mumbai
1265,877.0,1.0,2,7015270,Bangalore
1266,2487.0,3.0,2,16421915,Hyderabad
1267,1865.0,4.0,3,7850851,Vijayawada
1268,1640.0,4.0,4,13722182,Vijayawada
1269,1517.0,5.0,1,23473898,Mumbai
1270,1485.0,5.0,1,9236334,Bangalore
1271,3352.0,2.0,4,21160769,Bangalore
1272,621.0,2.0,4,6094927,Bangalore
1273,3791.0,4.0,2,21447879,Mumbai
1274,,1.0,3,9922719,Bangalore
1275,1286.0,3.0,3,12828742,Bangalore
1276,884.0,2.0,3,12192529,Hyderabad
1277,4347.0,2.0,4,6176637,Bangalore
1278,1362.0,1.0,3,3039605,Hyderabad
1279,3028.0,1.0,2,20592376,Hyderabad
1280,3107.0,5.0,4,9703419,Bangalore
1281,628.0,3.0,4,8859315,Vijayawada
1282,1506.0,1.0,3,9692934,Chennai
1283,3704.0,2.0,1,2779938,Vijayawada
1284,4599.0,,1,2111204,Bangalore
1285,3594.0,4.0,2,6822432,Bangalore
1286,3106.0,1.0,3,2538734,Vijayawada
1287,4209.0,5.0,3,24041506,Bangalore
1288,4153.0,3.0,4,22756359,Hyderabad
1289,2053.0,5.0,4,11587912,Mumbai
1290,3956.0,2.0,3,12773697,Bangalore
1291,1115.0,5.0,4,11860051,Bangalore
1292,638.0,2.0,3,17146276,Vijayawada
1293,3942.0,2.0,2,12291518,Hyderabad
1294,1486.0,2.0,4,13035346,Vijayawada
1295,3444.0,2.0,3,5845237,Vijayawada
1296,2804.0,2.0,4,5063069,Bangalore
1297,1698.0,4.0,2,14862382,Hyderabad
1298,2423.0,5.0,4,18084465,Bangalore
1299,3801.0,4.0,3,11012840,Bangalore
1300,3755.0,4.0,4,11678303,Bangalore
1301,3693.0,1.0,4,4820938,Bangalore
1302,4130.0,1.0,3,17413132,Mumbai
1303,4378.0,1.0,1,12971353,Chennai
1304,3496.0,3.0,4,8069089,Hyderabad
1305,4053.0,1.0,4,3656941,Mumbai
1306,4111.0,5.0,2,5239941,Chennai
1307,1588.0,4.0,1,9151879,Chennai
1308,4716.0,5.0,2,11417886,Chennai
1309,4626.0,1.0,3,18122607,Mumbai
1310,4779.0,3.0,3,15907294,Hyderabad
1311,2282.0,3.0,2,9553620,Vijayawada
1312,4563.0,4.0,4,10057770,Chennai
1313,1533.0,5.0,1,11490277,Vijayawada
1314,4198.0,2.0,2,17011053,Vijayawada
1315,3833.0,5.0,2,13608865,Bangalore
1316,2580.0,1.0,3,12981567,Vijayawada
1317,2455.0,2.0,4,8967870,Bangalore
1318,3656.0,3.0,1,12576042,Hyderabad
1319,1392.0,4.0,2,3973301,Hyderabad
1320,1391.0,4.0,1,21176866,Bangalore
1321,2409.0,3.0,1,12645841,Hyderabad
1322,2855.0,1.0,2,11801598,Chennai
1323,4210.0,3.0,1,21167104,Hyderabad
1324,2207.0,1.0,3,13277277,Bangalore
1325,1584.0,2.0,4,22812427,Chennai
1326,4276.0,3.0,4,22249838,Vijayawada
1327,3980.0,1.0,4,9436154,Vijayawada
1328,1119.0,2.0,3,9862469,Vijayawada
1329,1190.0,3.0,3,20747535,Bangalore
1330,1650.0,4.0,3,16152442,Vijayawada
1331,4233.0,3.0,4,18196299,Hyderabad
1332,1559.0,5.0,1,23113579,Vijayawada
1333,1292.0,3.0,3,11988349,Mumbai
1334,4499.0,,2,12372927,Mumbai
1335,3546.0,2.0,3,17460257,Vijayawada
1336,1126.0,3.0,2,7846374,Vijayawada
1337,3824.0,2.0,4,9896319,Mumbai
1338,2853.0,2.0,2,22793094,Vijayawada
1339,3944.0,1.0,3,4315839,Chennai
1340,4565.0,2.0,3,15361802,Mumbai
1341,2475.0,2.0,1,2250506,Bangalore
1342,2363.0,3.0,4,4486189,Mumbai
1343,1120.0,3.0,2,5953293,Hyderabad
1344,1616.0,4.0,4,9171711,Chennai
1345,,1.0,3,19150218,Bangalore
1346,3033.0,2.0,1,24689987,Vijayawada
1347,1183.0,1.0,3,6647984,Hyderabad
1348,994.0,5.0,3,17704024,Hyderabad
1349,4388.0,2.0,3,24188841,Chennai
1350,3368.0,1.0,2,17351892,Bangalore
1351,4767.0,4.0,3,20082382,Hyderabad
1352,4460.0,4.0,4,2753159,Bangalore
1353,873.0,2.0,4,8761969,Bangalore
1354,2613.0,5.0,1,9780934,Hyderabad
1355,1989.0,4.0,4,4539933,Bangalore
1356,,4.0,3,1695507,Chennai
1357,765.0,5.0,3,9789069,Hyderabad
1358,2167.0,1.0,4,10354326,Chennai
1359,1328.0,4.0,1,23627533,Chennai
1360,2643.0,3.0,1,8805626,Bangalore
1361,4797.0,4.0,4,9840133,Bangalore
1362,4096.0,1.0,2,21248629,Hyderabad
1363,1378.0,1.0,2,7844661,Vijayawada
1364,813.0,2.0,2,18384164,Hyderabad
1365,4362.0,3.0,2,23842050,Chennai
1366,2176.0,1.0,4,3972385,Bangalore
1367,3048.0,5.0,1,3137346,Chennai
1368,3536.0,,3,10500050,Mumbai
1369,3717.0,,3,5256082,Mumbai
1370,1191.0,5.0,4,3815632,Chennai
1371,3320.0,4.0,3,11620874,Vijayawada
1372,1313.0,5.0,2,15540843,Vijayawada
1373,1535.0,5.0,1,14211426,Hyderabad
1374,4937.0,4.0,4,4416561,Hyderabad
1375,601.0,4.0,1,18972485,Hyderabad
1376,3448.0,4.0,4,19303142,Bangalore
1377,4644.0,4.0,4,13229888,Vijayawada
1378,2549.0,4.0,4,17539813,Chennai
1379,1517.0,5.0,4,13711025,Mumbai
1380,3774.0,2.0,1,5862110,Vijayawada
1381,2841.0,2.0,3,18057909,Vijayawada
1382,689.0,1.0,4,4326866,Vijayawada
1383,2309.0,2.0,2,17436166,Hyderabad
1384,2769.0,2.0,4,21661970,Bangalore
1385,4838.0,5.0,1,2141800,Chennai
1386,3641.0,4.0,4,2913387,Hyderabad
1387,705.0,4.0,2,23981011,Bangalore
1388,1486.0,5.0,1,9472439,Vijayawada
1389,1027.0,2.0,4,5776977,Bangalore
1390,2495.0,5.0,2,17588423,Hyderabad
1391,916.0,1.0,1,3750056,Vijayawada
1392,1234.0,4.0,4,6333461,Hyderabad
1393,2525.0,3.0,2,13478217,Chennai
1394,2656.0,1.0,1,2793520,Vijayawada
1395,3744.0,,4,4032230,Bangalore
1396,2870.0,5.0,1,22312918,Hyderabad
1397,2039.0,,2,13914333,Mumbai
1398,1152.0,4.0,4,1933073,Bangalore
1399,1315.0,3.0,4,18758753,Bangalore
1400,4511.0,1.0,4,13818178,Vijayawada
1401,2313.0,3.0,2,11975474,Bangalore
1402,3989.0,2.0,3,17331188,Hyderabad
1403,1707.0,2.0,4,14478292,Mumbai
1404,,3.0,2,13417769,Chennai
1405,850.0,4.0,1,12471700,Mumbai
1406,3030.0,2.0,1,11705997,Hyderabad
1407,2654.0,3.0,2,15522700,Vijayawada
1408,1058.0,1.0,3,7416645,Hyderabad
1409,807.0,3.0,2,11464293,Bangalore
1410,1499.0,3.0,1,19741524,Vijayawada
1411,4061.0,5.0,1,20253769,Chennai
1412,3985.0,2.0,4,24352982,Chennai
1413,,4.0,3,14076692,Hyderabad
1414,,4.0,2,8047652,Bangalore
1415,1494.0,5.0,1,24411000,Chennai
1416,1114.0,4.0,1,18500842,Mumbai
1417,4709.0,3.0,1,8002160,Vijayawada
1418,2734.0,5.0,2,3833731,Mumbai
1419,4195.0,1.0,2,14020921,Chennai
1420,3556.0,2.0,3,15025214,Chennai
1421,2160.0,,4,4137588,Hyderabad
1422,1866.0,2.0,4,7878001,Hyderabad
1423,2769.0,3.0,4,19380251,Vijayawada
1424,4238.0,1.0,1,13904992,Hyderabad
1425,1349.0,5.0,4,16508397,Bangalore
1426,4027.0,5.0,1,3065831,Vijayawada
1427,2527.0,2.0,3,8192801,Bangalore
1428,4404.0,1.0,1,22563474,Hyderabad
1429,4302.0,,3,17884443,Vijayawada
1430,2956.0,1.0,3,2444545,Chennai
1431,2935.0,4.0,4,6307971,Mumbai
1432,906.0,4.0,4,2382816,Chennai
1433,4265.0,2.0,1,1996626,Bangalore
1434,2589.0,1.0,2,21591220,Chennai
1435,1261.0,1.0,4,5926719,Chennai
1436,911.0,5.0,4,8704563,Mumbai
1437,3520.0,5.0,2,18731534,Mumbai
1438,1682.0,2.0,2,13173699,Chennai
1439,3571.0,1.0,4,9603974,Mumbai
1440,1354.0,2.0,2,18555645,Chennai
1441,4730.0,,1,22795253,Vijayawada
1442,,5.0,3,16194008,Chennai
1443,1502.0,4.0,3,10513937,Hyderabad
1444,4488.0,2.0,4,8673449,Mumbai
1445,,2.0,4,19904471,Mumbai
1446,2577.0,1.0,1,14084519,Bangalore
1447,1556.0,1.0,2,23780410,Bangalore
1448,2671.0,4.0,4,13037289,Hyderabad
1449,1003.0,3.0,3,7469709,Mumbai
1450,3379.0,3.0,1,10883034,Mumbai
1451,1987.0,3.0,1,12833875,Bangalore
1452,4053.0,2.0,2,24026837,Bangalore
1453,1555.0,2.0,4,13759914,Chennai
1454,,5.0,4,4627813,Mumbai
1455,1873.0,2.0,1,14978932,Mumbai
1456,4411.0,2.0,3,6732829,Chennai
1457,3225.0,2.0,4,23793394,Mumbai
1458,2982.0,4.0,3,11550001,Hyderabad
1459,2041.0,2.0,1,6949826,Bangalore
1460,3579.0,1.0,4,17528477,Bangalore
1461,2397.0,1.0,3,6408394,Bangalore
1462,4990.0,5.0,1,21684036,Vijayawada
1463,4609.0,4.0,3,3948466,Hyderabad
1464,1994.0,,4,17725943,Hyderabad
1465,4881.0,4.0,2,12555159,Chennai
1466,1869.0,4.0,3,18746113,Vijayawada
1467,4314.0,5.0,2,24093720,Mumbai
1468,1129.0,4.0,4,4662633,Hyderabad
1469,4223.0,2.0,2,19450983,Vijayawada
1470,3558.0,4.0,1,17606720,Vijayawada
1471,3514.0,5.0,2,21580250,Hyderabad
1472,4191.0,,3,18343754,Chennai
1473,2747.0,5.0,3,15236058,Vijayawada
1474,3969.0,1.0,2,23159453,Bangalore
1475,1539.0,2.0,1,20205563,Vijayawada
1476,1125.0,1.0,4,5889696,Mumbai
1477,601.0,3.0,2,4394914,Hyderabad
1478,974.0,2.0,3,7601865,Mumbai
1479,2940.0,4.0,3,6279577,Chennai
1480,4605.0,5.0,2,15672820,Bangalore
1481,3652.0,3.0,2,23118112,Hyderabad
1482,2965.0,2.0,2,1636322,Vijayawada
1483,2125.0,1.0,4,1758116,Bangalore
1484,2246.0,5.0,3,22232665,Vijayawada
1485,613.0,1.0,3,20407455,Chennai
1486,2878.0,2.0,3,24266151,Hyderabad
1487,3755.0,2.0,4,20410736,Chennai
1488,729.0,3.0,1,11582120,Chennai
1489,4414.0,4.0,3,8648703,Chennai
1490,3816.0,1.0,3,13125029,Chennai
1491,3538.0,3.0,1,7776839,Vijayawada
1492,4528.0,5.0,4,14666100,Mumbai
1493,2640.0,4.0,1,7544806,Vijayawada
1494,627.0,3.0,1,23898726,Bangalore
1495,2713.0,1.0,1,12686286,Chennai
1496,1852.0,2.0,1,8013638,Bangalore
1497,4956.0,5.0,4,11756666,Vijayawada
1498,2646.0,1.0,4,19947879,Chennai
1499,4623.0,4.0,1,24699688,Vijayawada
1500,4996.0,4.0,2,17457787,Chennai
1501,3974.0,2.0,2,17841185,Vijayawada
1502,4066.0,2.0,2,7534478,Hyderabad
1503,3681.0,5.0,2,6094641,Mumbai
1504,4378.0,5.0,3,12655797,Mumbai
1505,1229.0,2.0,4,9315157,Chennai
1506,869.0,2.0,4,21248209,Hyderabad
1507,3239.0,4.0,1,15169152,Bangalore
1508,2593.0,2.0,3,6610662,Hyderabad
1509,3491.0,3.0,1,3056610,Chennai
1510,4032.0,1.0,1,20113517,Hyderabad
1511,1880.0,2.0,4,21314315,Bangalore
1512,2960.0,5.0,3,1811356,Chennai
1513,,3.0,2,12987395,Mumbai
1514,,5.0,4,21498220,Hyderabad
1515,3792.0,3.0,3,9639023,Mumbai
1516,3778.0,2.0,3,7856687,Mumbai
1517,3334.0,1.0,4,7375445,Vijayawada
1518,2812.0,5.0,4,15301604,Bangalore
1519,,3.0,1,7026771,Hyderabad
1520,4168.0,4.0,1,15598213,Mumbai
1521,2255.0,2.0,1,14032709,Mumbai
1522,2179.0,1.0,2,13457681,Bangalore
1523,2803.0,2.0,4,22313670,Mumbai
1524,1990.0,4.0,3,20472215,Mumbai
1525,,1.0,4,17856670,Mumbai
1526,2525.0,4.0,3,2277725,Mumbai
1527,1219.0,2.0,2,24617175,Vijayawada
1528,1874.0,3.0,4,16994703,Vijayawada
1529,1556.0,2.0,3,8293832,Chennai
1530,2539.0,2.0,3,2843961,Hyderabad
1531,4553.0,2.0,1,18146202,Bangalore
1532,2981.0,5.0,2,7728556,Chennai
1533,1568.0,4.0,4,13392651,Vijayawada
1534,1916.0,4.0,1,7217209,Vijayawada
1535,1643.0,4.0,2,18537182,Vijayawada
1536,881.0,5.0,1,3231126,Chennai
1537,3444.0,3.0,4,22544352,Vijayawada
1538,1658.0,2.0,3,19609319,Chennai
1539,4893.0,3.0,4,20760803,Vijayawada
1540,3132.0,5.0,2,13976500,Mumbai
1541,4428.0,4.0,4,14070325,Mumbai
1542,1608.0,2.0,2,14872018,Hyderabad
1543,1829.0,1.0,1,11313428,Vijayawada
1544,1635.0,1.0,2,11677584,Hyderabad
1545,875.0,,3,13453218,Chennai
1546,3340.0,4.0,3,15175282,Hyderabad
1547,,1.0,3,9884640,Vijayawada
1548,1839.0,3.0,1,21551488,Chennai
1549,,,2,3518422,Chennai
1550,4665.0,3.0,1,12023315,Mumbai
1551,4912.0,3.0,4,20036360,Chennai
1552,4468.0,3.0,4,19096054,Chennai
1553,,2.0,4,7620632,Hyderabad
1554,3849.0,3.0,4,17645072,Chennai
1555,,,3,13770832,Bangalore
1556,4523.0,2.0,2,20666796,Mumbai
1557,2569.0,2.0,3,3425635,Mumbai
1558,3393.0,5.0,2,20257629,Chennai
1559,1491.0,4.0,2,5783327,Hyderabad
1560,2633.0,1.0,1,16387076,Mumbai
1561,1964.0,1.0,4,24547070,Mumbai
1562,728.0,3.0,2,14247684,Bangalore
1563,1614.0,5.0,4,17705439,Chennai
1564,2399.0,3.0,4,10978700,Mumbai
1565,2118.0,1.0,4,4604490,Mumbai
1566,4781.0,2.0,3,14338535,Mumbai
1567,1798.0,4.0,4,12525063,Mumbai
1568,4473.0,5.0,2,16271168,Hyderabad
1569,3074.0,2.0,3,17605196,Vijayawada
1570,4085.0,4.0,4,24922556,Bangalore
1571,4649.0,5.0,1,11689828,Hyderabad
1572,4319.0,5.0,4,22432251,Bangalore
1573,902.0,1.0,4,22800304,Mumbai
1574,,2.0,3,22030422,Bangalore
1575,1586.0,5.0,2,11980470,Chennai
1576,2463.0,,4,19240424,Chennai
1577,3672.0,,3,15304929,Vijayawada
1578,3724.0,1.0,3,15790494,Vijayawada
1579,1927.0,3.0,2,2635583,Bangalore
1580,3008.0,1.0,3,13715602,Hyderabad
1581,4273.0,3.0,2,6609661,Hyderabad
1582,3891.0,,1,19334937,Mumbai
1583,4633.0,2.0,4,12534167,Hyderabad
1584,1303.0,,3,11000744,Vijayawada
1585,1174.0,2.0,1,24566172,Hyderabad
1586,3832.0,5.0,3,13280077,Mumbai
1587,,1.0,3,22856665,Chennai
1588,4428.0,2.0,1,13489678,Hyderabad
1589,3830.0,1.0,3,1551712,Hyderabad
1590,1088.0,1.0,3,14528317,Vijayawada
1591,1947.0,2.0,1,2475288,Bangalore
1592,4281.0,1.0,3,13688709,Chennai
1593,3773.0,2.0,2,22801949,Bangalore
1594,2267.0,2.0,3,22586798,Mumbai
1595,2237.0,2.0,4,14592184,Mumbai
1596,4714.0,3.0,3,3762353,Bangalore
1597,4153.0,1.0,4,5272093,Vijayawada
1598,1600.0,4.0,4,2234391,Vijayawada
1599,1450.0,2.0,3,16636834,Vijayawada
1600,1988.0,1.0,1,19590000,Chennai
1601,,5.0,2,6314206,Mumbai
1602,1967.0,2.0,2,21605583,Mumbai
1603,1421.0,2.0,3,19659088,Mumbai
1604,1054.0,4.0,1,16191024,Chennai
1605,2224.0,3.0,1,18598280,Mumbai
1606,3372.0,3.0,2,14491452,Bangalore
1607,4326.0,2.0,1,4185400,Hyderabad
1608,3747.0,1.0,3,18400210,Chennai
1609,4689.0,5.0,3,9829315,Hyderabad
1610,2790.0,5.0,1,11231956,Bangalore
1611,1516.0,1.0,3,6602005,Vijayawada
1612,4586.0,2.0,4,23201976,Vijayawada
1613,3475.0,5.0,2,20159676,Vijayawada
1614,2040.0,3.0,3,8618986,Chennai
1615,1335.0,1.0,1,16874659,Vijayawada
1616,4168.0,4.0,2,9916557,Chennai
1617,3938.0,2.0,3,20710049,Chennai
1618,3615.0,1.0,2,1878147,Hyderabad
1619,3489.0,5.0,1,6955945,Vijayawada
1620,1561.0,2.0,4,7148399,Mumbai
1621,3589.0,3.0,4,18852205,Vijayawada
1622,,2.0,3,10725551,Vijayawada
1623,1626.0,2.0,4,24649336,Vijayawada
1624,4465.0,,3,4008648,Mumbai
1625,3463.0,3.0,2,21462371,Mumbai
1626,3101.0,2.0,3,22568700,Chennai
1627,,3.0,3,18905054,Mumbai
1628,1777.0,1.0,3,13958807,Chennai
1629,611.0,3.0,4,9764197,Hyderabad
1630,4999.0,3.0,3,19403744,Chennai
1631,3964.0,2.0,1,14148958,Vijayawada
1632,3622.0,1.0,3,7072466,Bangalore
1633,3971.0,4.0,2,7197767,Bangalore
1634,3430.0,4.0,1,12601118,Vijayawada
1635,642.0,5.0,2,17811096,Chennai
1636,1543.0,,2,10723362,Vijayawada
1637,2990.0,3.0,2,23471008,Mumbai
1638,3145.0,1.0,1,8746656,Chennai
1639,3011.0,4.0,1,13104582,Vijayawada
1640,1604.0,5.0,4,17922892,Mumbai
1641,620.0,1.0,1,4137023,Mumbai
1642,1006.0,3.0,3,10337039,Chennai
1643,,4.0,2,11617397,Hyderabad
1644,2438.0,5.0,4,10287933,Hyderabad
1645,3788.0,2.0,1,6982165,Mumbai
1646,1314.0,4.0,2,16973155,Hyderabad
1647,4746.0,5.0,1,11200566,Mumbai
1648,4454.0,1.0,4,12631318,Hyderabad
1649,740.0,2.0,1,14988555,Mumbai
1650,1563.0,5.0,1,23682283,Mumbai
1651,972.0,5.0,2,22083924,Mumbai
1652,4235.0,3.0,3,16076563,Mumbai
1653,3141.0,4.0,1,6505404,Bangalore
1654,4210.0,3.0,4,19665195,Hyderabad
1655,2292.0,2.0,1,2907296,Mumbai
1656,705.0,5.0,1,21004137,Vijayawada
1657,2281.0,3.0,3,18126577,Chennai
1658,4697.0,4.0,2,11100302,Vijayawada
1659,4616.0,2.0,4,6944929,Vijayawada
1660,3236.0,1.0,2,10359079,Bangalore
1661,,3.0,2,10774965,Hyderabad
1662,4016.0,2.0,2,16787833,Bangalore
1663,4130.0,1.0,1,9316584,Hyderabad
1664,1886.0,3.0,3,2871028,Mumbai
1665,3779.0,,1,18733651,Bangalore
1666,4254.0,2.0,4,9336606,Chennai
1667,2959.0,3.0,3,8316874,Hyderabad
1668,1044.0,2.0,2,2038359,Bangalore
1669,635.0,5.0,3,9711981,Chennai
1670,2075.0,3.0,4,14609318,Vijayawada
1671,4557.0,2.0,1,4708136,Mumbai
1672,2398.0,1.0,1,16268178,Mumbai
1673,2445.0,1.0,2,23180001,Vijayawada
1674,2008.0,5.0,1,10432770,Bangalore
1675,2308.0,3.0,1,14322051,Vijayawada
1676,3538.0,2.0,4,23341395,Chennai
1677,1900.0,2.0,3,17793749,Hyderabad
1678,1843.0,1.0,1,7382843,Bangalore
1679,,5.0,4,13357062,Hyderabad
1680,3697.0,1.0,4,14205515,Vijayawada
1681,609.0,1.0,2,19259423,Mumbai
1682,3025.0,5.0,4,16029720,Hyderabad
1683,2260.0,3.0,2,14580733,Hyderabad
1684,3231.0,2.0,1,15524437,Mumbai
1685,1672.0,3.0,2,21598669,Hyderabad
1686,3825.0,4.0,4,17048514,Hyderabad
1687,1916.0,4.0,3,23358544,Mumbai
1688,,4.0,3,19056089,Mumbai
1689,4283.0,5.0,1,18743764,Vijayawada
1690,3873.0,1.0,1,6018633,Vijayawada
1691,745.0,3.0,3,24326871,Hyderabad
1692,3640.0,2.0,2,4096057,Bangalore
1693,2062.0,4.0,1,18397242,Vijayawada
1694,2184.0,3.0,4,24802929,Vijayawada
1695,1082.0,4.0,1,6795986,Bangalore
1696,3779.0,4.0,2,9740786,Bangalore
1697,1849.0,2.0,1,6824107,Mumbai
1698,1230.0,5.0,4,1946295,Vijayawada
1699,1261.0,1.0,4,12666148,Chennai
1700,4103.0,5.0,4,16823951,Chennai
1701,3452.0,3.0,2,14836989,Hyderabad
1702,3066.0,5.0,2,4729198,Vijayawada
1703,1587.0,3.0,4,4365530,Chennai
1704,2146.0,,4,19371742,Vijayawada
1705,1249.0,1.0,2,22134027,Vijayawada
1706,1568.0,2.0,2,3875521,Chennai
1707,3237.0,1.0,2,23476147,Vijayawada
1708,1700.0,5.0,3,5774015,Bangalore
1709,1040.0,3.0,2,3738275,Hyderabad
1710,1369.0,,4,24771172,Mumbai
1711,,4.0,3,5425300,Chennai
1712,4958.0,,2,8057049,Mumbai
1713,4329.0,1.0,4,23430119,Hyderabad
1714,4506.0,2.0,1,22107494,Bangalore
1715,2177.0,1.0,3,7424381,Bangalore
1716,4608.0,3.0,4,1733597,Bangalore
1717,3951.0,3.0,1,20922564,Bangalore
1718,2949.0,2.0,4,6061295,Chennai
1719,4202.0,5.0,2,21281710,Chennai
1720,1841.0,5.0,2,21152996,Vijayawada
1721,1725.0,2.0,1,5613942,Vijayawada
1722,3201.0,5.0,2,4397596,Hyderabad
1723,1790.0,4.0,4,3614564,Vijayawada
1724,4731.0,,1,4610806,Hyderabad
1725,,5.0,4,7115054,Hyderabad
1726,2514.0,5.0,4,15942577,Hyderabad
1727,3072.0,4.0,4,10156408,Bangalore
1728,3646.0,5.0,2,23660135,Mumbai
1729,1307.0,4.0,2,4075326,Mumbai
1730,2404.0,2.0,4,11346164,Chennai
1731,4313.0,1.0,3,3167349,Hyderabad
1732,3164.0,2.0,4,7638695,Bangalore
1733,3075.0,1.0,4,5089974,Vijayawada
1734,4210.0,2.0,1,5844899,Vijayawada
1735,4855.0,1.0,4,12035517,Chennai
1736,3423.0,1.0,2,2284402,Chennai
1737,2335.0,3.0,1,15381983,Hyderabad
1738,2185.0,1.0,3,24268982,Hyderabad
1739,666.0,1.0,1,10877500,Vijayawada
1740,3661.0,3.0,3,16971958,Vijayawada
1741,3028.0,5.0,1,10267584,Vijayawada
1742,4753.0,5.0,1,6905747,Vijayawada
1743,941.0,3.0,3,16905230,Mumbai
1744,,4.0,2,16270091,Hyderabad
1745,3417.0,1.0,2,5742546,Hyderabad
1746,3261.0,1.0,2,18736315,Vijayawada
1747,1832.0,3.0,1,13149024,Bangalore
1748,4474.0,3.0,4,5137310,Vijayawada
1749,3001.0,4.0,1,12511831,Chennai
1750,2094.0,5.0,4,3625542,Bangalore
1751,,2.0,4,24183873,Chennai
1752,1261.0,5.0,2,19397894,Bangalore
1753,4483.0,,4,21702514,Chennai
1754,4219.0,3.0,1,8870782,Vijayawada
1755,2468.0,4.0,1,20956844,Vijayawada
1756,2934.0,5.0,2,16453080,Bangalore
1757,3974.0,4.0,3,15523492,Chennai
1758,1616.0,5.0,1,10592054,Mumbai
1759,807.0,1.0,4,24111154,Bangalore
1760,3265.0,2.0,1,1731360,Bangalore
1761,3093.0,4.0,1,24430686,Hyderabad
1762,1232.0,4.0,1,21117905,Bangalore
1763,2702.0,2.0,3,9530112,Mumbai
1764,3559.0,4.0,4,13969178,Vijayawada
1765,,4.0,2,5304379,Chennai
1766,2531.0,5.0,1,8952840,Hyderabad
1767,4319.0,5.0,4,22581611,Chennai
1768,3162.0,2.0,4,10462289,Vijayawada
1769,2279.0,1.0,2,11006954,Bangalore
1770,836.0,4.0,1,15944640,Mumbai
1771,2140.0,1.0,3,13008917,Hyderabad
1772,4543.0,2.0,4,2299800,Mumbai
1773,,2.0,2,9674433,Mumbai
1774,2968.0,5.0,3,20907390,Mumbai
1775,885.0,4.0,4,4228627,Mumbai
1776,748.0,3.0,1,14182241,Vijayawada
1777,4637.0,2.0,4,2355327,Mumbai
1778,2366.0,4.0,3,6453225,Mumbai
1779,1612.0,,3,21543368,Vijayawada
1780,3431.0,5.0,1,4571487,Chennai
1781,3107.0,1.0,1,13922023,Vijayawada
1782,2123.0,2.0,2,10208825,Bangalore
1783,3385.0,2.0,1,7471165,Vijayawada
1784,3156.0,1.0,2,10132650,Chennai
1785,4325.0,2.0,3,7478728,Bangalore
1786,2201.0,4.0,3,10114291,Bangalore
1787,3008.0,2.0,4,2764123,Hyderabad
1788,940.0,5.0,4,15837150,Mumbai
1789,3417.0,4.0,2,23806555,Bangalore
1790,3096.0,3.0,1,19605358,Bangalore
1791,2325.0,2.0,1,12058423,Chennai
1792,2289.0,2.0,4,18194376,Bangalore
1793,3867.0,5.0,3,2805068,Chennai
1794,861.0,5.0,2,22766407,Mumbai
1795,2042.0,1.0,3,7235642,Hyderabad
1796,1005.0,1.0,3,15540340,Hyderabad
1797,2790.0,1.0,1,13594804,Mumbai
1798,843.0,5.0,2,24849699,Mumbai
1799,4707.0,1.0,3,16748752,Vijayawada
1800,1160.0,1.0,4,6919951,Bangalore
1801,4737.0,3.0,4,5487422,Bangalore
1802,3325.0,1.0,1,7156025,Bangalore
1803,1193.0,2.0,4,7612445,Chennai
1804,2426.0,5.0,4,23138003,Vijayawada
1805,3829.0,4.0,3,17605890,Bangalore
1806,3887.0,3.0,4,18085568,Chennai
1807,4673.0,5.0,4,11938479,Chennai
1808,733.0,5.0,3,3413894,Hyderabad
1809,3738.0,2.0,1,18033481,Chennai
1810,4519.0,1.0,1,4743899,Mumbai
1811,672.0,2.0,2,9825518,Chennai
1812,4825.0,1.0,4,23773285,Mumbai
1813,3578.0,1.0,3,21322529,Mumbai
1814,4961.0,,2,14300727,Hyderabad
1815,2585.0,1.0,1,12256656,Hyderabad
1816,1392.0,3.0,1,2141627,Chennai
1817,4859.0,3.0,3,17273504,Hyderabad
1818,694.0,3.0,2,17824963,Hyderabad
1819,1733.0,5.0,2,24655347,Bangalore
1820,837.0,2.0,3,10886415,Chennai
1821,3546.0,4.0,3,14367399,Chennai
1822,3130.0,1.0,2,10112928,Chennai
1823,2560.0,4.0,1,14626873,Hyderabad
1824,1648.0,2.0,4,15317258,Hyderabad
1825,3129.0,2.0,1,13391504,Mumbai
1826,3564.0,5.0,3,16682921,Vijayawada
1827,1563.0,,2,19046699,Vijayawada
1828,1136.0,3.0,2,15933704,Vijayawada
1829,4823.0,2.0,4,4689948,Bangalore
1830,4279.0,5.0,2,13150919,Hyderabad
1831,4787.0,5.0,4,1548720,Mumbai
1832,4324.0,1.0,1,17460516,Mumbai
1833,1142.0,3.0,1,19864798,Vijayawada
1834,1445.0,2.0,2,13463149,Bangalore
1835,4203.0,4.0,2,18076289,Bangalore
1836,3636.0,3.0,3,8154268,Vijayawada
1837,3094.0,1.0,3,8473648,Vijayawada
1838,3319.0,5.0,2,21346690,Hyderabad
1839,2484.0,2.0,2,22175702,Bangalore
1840,4738.0,3.0,1,22877600,Mumbai
1841,4949.0,4.0,2,15124049,Vijayawada
1842,3801.0,1.0,3,7799633,Hyderabad
1843,3310.0,1.0,1,11321646,Mumbai
1844,2553.0,3.0,4,7504475,Bangalore
1845,4450.0,4.0,3,20819538,Vijayawada
1846,1289.0,1.0,3,11474890,Vijayawada
1847,2550.0,2.0,1,15297414,Hyderabad
1848,1056.0,1.0,4,12991908,Hyderabad
1849,2730.0,4.0,3,13537458,Bangalore
1850,4576.0,5.0,2,23432974,Vijayawada
1851,4844.0,5.0,3,20701739,Hyderabad
1852,1779.0,3.0,1,14488963,Vijayawada
1853,,4.0,1,9119709,Bangalore
1854,4165.0,1.0,1,15639454,Vijayawada
1855,1482.0,1.0,3,11425451,Mumbai
1856,999.0,5.0,4,10776497,Vijayawada
1857,1208.0,5.0,2,7146319,Chennai
1858,2238.0,2.0,1,13682826,Chennai
1859,2748.0,5.0,4,8326017,Bangalore
1860,1982.0,2.0,2,13592143,Bangalore
1861,2003.0,1.0,1,18956736,Bangalore
1862,1419.0,2.0,2,14550513,Mumbai
1863,3892.0,2.0,2,7227288,Mumbai
1864,1419.0,3.0,4,21826508,Vijayawada
1865,1019.0,5.0,2,10137400,Hyderabad
1866,,2.0,1,8420215,Chennai
1867,3902.0,1.0,4,23100476,Chennai
1868,2108.0,4.0,3,2563205,Chennai
1869,1367.0,2.0,3,19112704,Vijayawada
1870,2644.0,5.0,4,22220649,Vijayawada
1871,2739.0,3.0,3,8937307,Bangalore
1872,3629.0,1.0,2,10027574,Hyderabad
1873,2149.0,3.0,1,8886105,Bangalore
1874,2364.0,4.0,2,24226922,Vijayawada
1875,3245.0,2.0,4,15942263,Mumbai
1876,4316.0,2.0,1,8358839,Bangalore
1877,2893.0,5.0,4,6905126,Vijayawada
1878,3308.0,2.0,4,10856913,Vijayawada
1879,1500.0,1.0,4,3719540,Mumbai
1880,3684.0,4.0,2,17469427,Mumbai
1881,2609.0,3.0,1,12189268,Mumbai
1882,841.0,4.0,1,10513678,Hyderabad
1883,2985.0,2.0,1,9079375,Vijayawada
1884,4868.0,3.0,2,5081870,Mumbai
1885,1271.0,5.0,3,4029195,Hyderabad
1886,763.0,4.0,2,16812615,Chennai
1887,1064.0,3.0,2,13472327,Chennai
1888,3642.0,3.0,4,9274449,Chennai
1889,3042.0,3.0,1,11226853,Vijayawada
1890,2955.0,1.0,1,21789601,Hyderabad
1891,4878.0,4.0,3,20315947,Hyderabad
1892,3157.0,3.0,3,23125209,Chennai
1893,1145.0,4.0,4,15228131,Bangalore
1894,4435.0,3.0,1,23991916,Chennai
1895,1193.0,5.0,3,24718384,Vijayawada
1896,4404.0,5.0,3,18469743,Chennai
1897,2059.0,5.0,1,1712736,Chennai
1898,4093.0,2.0,2,16369732,Hyderabad
1899,3201.0,3.0,3,17421841,Chennai
1900,,2.0,1,1978739,Mumbai
1901,3272.0,4.0,3,9482529,Mumbai
1902,4800.0,2.0,4,10131331,Bangalore
1903,616.0,,3,3528366,Vijayawada
1904,3791.0,4.0,1,23128523,Vijayawada
1905,992.0,4.0,3,20228124,Hyderabad
1906,1024.0,2.0,4,10698769,Vijayawada
1907,1171.0,3.0,4,17184191,Bangalore
1908,4231.0,2.0,3,23279770,Mumbai
1909,1720.0,,3,6808435,Hyderabad
1910,841.0,3.0,4,15901597,Mumbai
1911,4497.0,4.0,4,14354513,Bangalore
1912,4695.0,2.0,2,18467917,Hyderabad
1913,2879.0,3.0,2,7145916,Chennai
1914,1388.0,5.0,4,2974542,Vijayawada
1915,1314.0,3.0,3,21793210,Bangalore
1916,,5.0,1,20476388,Hyderabad
1917,1375.0,,3,3831770,Mumbai
1918,4626.0,2.0,3,13727486,Hyderabad
1919,2847.0,,2,20200629,Chennai
1920,678.0,3.0,2,2402562,Bangalore
1921,4526.0,,2,11791654,Hyderabad
1922,1455.0,3.0,4,12759077,Bangalore
1923,2748.0,3.0,4,5907577,Bangalore
1924,1631.0,4.0,3,22759264,Mumbai
1925,3871.0,4.0,3,18175538,Vijayawada
1926,,3.0,1,20636419,Chennai
1927,4782.0,5.0,3,17983539,Hyderabad
1928,4056.0,,3,4969398,Vijayawada
1929,4106.0,3.0,2,11711992,Mumbai
1930,1007.0,1.0,2,6756029,Vijayawada
1931,3311.0,5.0,2,3758618,Bangalore
1932,3688.0,2.0,2,15548028,Bangalore
1933,2268.0,3.0,2,10888817,Chennai
1934,747.0,3.0,1,9347058,Hyderabad
1935,4927.0,5.0,1,12242720,Hyderabad
1936,4497.0,4.0,1,8739976,Mumbai
1937,2550.0,4.0,2,6352858,Chennai
1938,965.0,4.0,4,13301269,Hyderabad
1939,2274.0,2.0,2,9167143,Bangalore
1940,,,2,11701486,Chennai
1941,1162.0,5.0,1,10149649,Vijayawada
1942,4162.0,4.0,2,23722054,Chennai
1943,3089.0,4.0,1,8152437,Chennai
1944,1372.0,1.0,2,4801777,Hyderabad
1945,2637.0,1.0,3,5796271,Mumbai
1946,4023.0,3.0,4,1893345,Mumbai
1947,3167.0,3.0,4,11259011,Hyderabad
1948,2173.0,5.0,1,21730419,Hyderabad
1949,4294.0,5.0,3,20623087,Hyderabad
1950,3891.0,2.0,4,9661090,Mumbai
1951,1846.0,2.0,1,4038871,Hyderabad
1952,4319.0,1.0,2,1658621,Vijayawada
1953,4439.0,3.0,2,13570966,Vijayawada
1954,959.0,1.0,3,8523330,Bangalore
1955,2976.0,1.0,4,18984825,Vijayawada
1956,3609.0,3.0,2,17200732,Chennai
1957,3593.0,2.0,1,17991716,Bangalore
1958,1562.0,3.0,2,14878177,Vijayawada
1959,4232.0,4.0,2,4102807,Chennai
1960,2427.0,4.0,4,18507315,Vijayawada
1961,2213.0,4.0,4,20371485,Chennai
1962,2240.0,5.0,1,2418241,Hyderabad
1963,2816.0,2.0,3,7624277,Chennai
1964,4912.0,2.0,3,18192791,Hyderabad
1965,977.0,5.0,2,18079126,Chennai
1966,4814.0,1.0,1,12511347,Chennai
1967,4885.0,4.0,3,11186424,Vijayawada
1968,969.0,4.0,3,8479736,Chennai
1969,2796.0,1.0,2,14530964,Vijayawada
1970,4347.0,3.0,1,5867757,Chennai
1971,1251.0,3.0,3,18653646,Mumbai
1972,,2.0,4,19279691,Bangalore
1973,3021.0,5.0,4,10207050,Vijayawada
1974,1380.0,2.0,2,5427526,Vijayawada
1975,2316.0,3.0,2,7388203,Hyderabad
1976,4583.0,1.0,2,16624804,Mumbai
1977,1911.0,2.0,2,11309153,Hyderabad
1978,3959.0,4.0,3,4761365,Mumbai
1979,1122.0,4.0,1,7265102,Mumbai
1980,1121.0,1.0,2,16205596,Chennai
1981,2920.0,3.0,2,3705349,Hyderabad
1982,1535.0,4.0,3,9948893,Bangalore
1983,2830.0,4.0,2,21179666,Mumbai
1984,4640.0,5.0,2,22085897,Mumbai
1985,4297.0,2.0,1,5965943,Vijayawada
1986,3437.0,3.0,4,23790077,Chennai
1987,4683.0,,2,22155012,Bangalore
1988,3061.0,3.0,3,7679064,Mumbai
1989,3843.0,4.0,1,2014938,Vijayawada
1990,3959.0,5.0,3,4570132,Hyderabad
1991,1285.0,2.0,1,5953054,Mumbai
1992,2760.0,4.0,1,17743686,Vijayawada
1993,4588.0,3.0,2,20666858,Hyderabad
1994,4666.0,2.0,2,14191533,Chennai
1995,2167.0,2.0,2,8834806,Hyderabad
1996,638.0,4.0,4,6175919,Mumbai
1997,3144.0,2.0,4,10007441,Bangalore
1998,1856.0,5.0,3,23944116,Hyderabad
1999,3590.0,5.0,2,16245270,Bangalore
2000,2796.0,4.0,4,3608086,Bangalore
2001,,3.0,2,12278627,Hyderabad
2002,3308.0,4.0,4,16881837,Chennai
2003,901.0,5.0,4,3838782,Hyderabad
2004,1246.0,1.0,1,7677772,Vijayawada
2005,2359.0,1.0,2,3109387,Bangalore
2006,4951.0,2.0,2,22310526,Mumbai
2007,1197.0,2.0,4,18660310,Bangalore
2008,1261.0,1.0,2,6669501,Mumbai
2009,4930.0,5.0,4,18444020,Vijayawada
2010,1968.0,2.0,2,7419261,Vijayawada
2011,3181.0,4.0,1,8015766,Vijayawada
2012,4468.0,4.0,2,13276360,Hyderabad
2013,4137.0,5.0,1,20344355,Bangalore
2014,4908.0,2.0,3,8048932,Mumbai
2015,882.0,4.0,2,22262152,Vijayawada
2016,4278.0,2.0,2,22752780,Vijayawada
2017,2086.0,2.0,2,13147194,Mumbai
2018,4682.0,4.0,1,5389359,Bangalore
2019,4783.0,1.0,2,24013309,Bangalore
2020,1060.0,4.0,2,5770924,Mumbai
2021,2925.0,5.0,4,10310580,Chennai
2022,4354.0,3.0,3,11747166,Bangalore
2023,3068.0,4.0,1,23967918,Mumbai
2024,2324.0,2.0,4,12709939,Mumbai
2025,1976.0,2.0,1,15726003,Vijayawada
2026,3343.0,4.0,4,3899414,Mumbai
2027,1114.0,3.0,3,7557914,Hyderabad
2028,1302.0,4.0,4,19867620,Vijayawada
2029,2253.0,3.0,1,3784533,Vijayawada
2030,2666.0,3.0,2,5366491,Bangalore
2031,622.0,5.0,2,6147193,Chennai
2032,3060.0,2.0,3,11872364,Bangalore
2033,1904.0,2.0,1,18713276,Hyderabad
2034,3900.0,3.0,1,8773668,Vijayawada
2035,961.0,2.0,1,2296184,Vijayawada
2036,4327.0,1.0,3,6955500,Mumbai
2037,1884.0,3.0,2,11405111,Chennai
2038,1114.0,2.0,4,18711102,Chennai
2039,1048.0,1.0,3,9038707,Mumbai
2040,2455.0,5.0,4,10308263,Hyderabad
2041,,2.0,2,17132315,Chennai
2042,3120.0,1.0,3,8563240,Vijayawada
2043,3681.0,4.0,2,9751796,Hyderabad
2044,2028.0,4.0,4,2971602,Bangalore
2045,4567.0,1.0,1,24324830,Bangalore
2046,1522.0,3.0,1,17593134,Hyderabad
2047,3737.0,3.0,4,10850825,Vijayawada
2048,2759.0,2.0,1,15574250,Bangalore
2049,3147.0,4.0,4,14863108,Vijayawada
2050,3579.0,3.0,3,21163848,Mumbai
2051,2881.0,3.0,3,18002140,Chennai
2052,3249.0,,3,22006138,Hyderabad
2053,913.0,5.0,1,1838781,Chennai
2054,3213.0,3.0,2,23678593,Mumbai
2055,3683.0,1.0,1,22592438,Bangalore
2056,2856.0,2.0,1,5097120,Vijayawada
2057,1637.0,3.0,2,17634530,Vijayawada
2058,4089.0,3.0,2,14538530,Mumbai
2059,3234.0,5.0,2,14040571,Hyderabad
2060,4583.0,1.0,2,13543661,Chennai
2061,2378.0,2.0,1,7693437,Bangalore
2062,4495.0,3.0,4,18289173,Hyderabad
2063,1724.0,2.0,3,22282020,Mumbai
2064,1297.0,4.0,4,10859728,Mumbai
2065,2779.0,3.0,1,16031214,Vijayawada
2066,2004.0,3.0,2,23788077,Bangalore
2067,1643.0,,3,15588845,Hyderabad
2068,2529.0,5.0,3,4745498,Vijayawada
2069,1613.0,3.0,4,12015975,Bangalore
2070,826.0,2.0,1,2998111,Chennai
2071,2428.0,1.0,1,21104370,Chennai
2072,2623.0,,1,17532031,Vijayawada
2073,3052.0,5.0,3,4608958,Hyderabad
2074,2685.0,1.0,4,6392712,Bangalore
2075,4883.0,2.0,3,10663082,Chennai
2076,1680.0,2.0,3,17201804,Chennai
2077,2920.0,4.0,2,22678124,Hyderabad
2078,3790.0,5.0,4,12576762,Vijayawada
2079,3230.0,4.0,2,8088919,Mumbai
2080,,,1,23114866,Bangalore
2081,3892.0,4.0,3,10166777,Chennai
2082,4186.0,5.0,4,19086354,Mumbai
2083,3547.0,3.0,1,23169796,Hyderabad
2084,4559.0,3.0,4,5856232,Vijayawada
2085,3413.0,1.0,3,10561555,Bangalore
2086,3183.0,3.0,4,4276245,Hyderabad
2087,761.0,4.0,1,8272978,Vijayawada
2088,1193.0,1.0,2,8963108,Hyderabad
2089,3859.0,5.0,3,24703719,Chennai
2090,4755.0,1.0,2,21677421,Chennai
2091,3562.0,1.0,3,12323042,Mumbai
2092,4488.0,2.0,1,12686583,Hyderabad
2093,3990.0,2.0,3,14051436,Chennai
2094,1263.0,1.0,2,24131090,Vijayawada
2095,1732.0,3.0,3,2577406,Mumbai
2096,1141.0,2.0,1,22319452,Bangalore
2097,3574.0,5.0,3,17693982,Hyderabad
2098,1467.0,4.0,2,18192889,Chennai
2099,2666.0,2.0,1,3889905,Vijayawada
2100,1031.0,1.0,2,23013209,Hyderabad
2101,4878.0,,3,14503857,Vijayawada
2102,1806.0,4.0,4,2389912,Mumbai
2103,3128.0,2.0,2,8958310,Chennai
2104,1769.0,3.0,3,2200527,Chennai
2105,1430.0,3.0,4,22696773,Mumbai
2106,2251.0,3.0,4,5489551,Vijayawada
2107,1736.0,1.0,1,9490863,Hyderabad
2108,3410.0,5.0,4,24435414,Vijayawada
2109,1075.0,3.0,2,22041815,Hyderabad
2110,3410.0,4.0,2,14272155,Mumbai
2111,1926.0,2.0,4,6175616,Bangalore
2112,1619.0,4.0,3,18414935,Hyderabad
2113,2436.0,1.0,2,24852322,Chennai
2114,4856.0,1.0,2,10133829,Chennai
2115,3048.0,4.0,1,10961251,Chennai
2116,4893.0,5.0,3,8184419,Vijayawada
2117,1883.0,1.0,4,3058569,Vijayawada
2118,1259.0,1.0,3,13560680,Vijayawada
2119,2610.0,4.0,1,10442224,Chennai
2120,998.0,1.0,1,23335664,Hyderabad
2121,2333.0,5.0,3,22524352,Chennai
2122,2725.0,5.0,1,18232949,Hyderabad
2123,2771.0,5.0,1,16768890,Vijayawada
2124,674.0,2.0,1,20311946,Bangalore
2125,4071.0,5.0,3,11409378,Vijayawada
2126,1436.0,5.0,1,17530935,Mumbai
2127,1099.0,2.0,4,15477095,Hyderabad
2128,737.0,3.0,4,17849781,Bangalore
2129,2697.0,,2,24133816,Vijayawada
2130,4296.0,5.0,4,14373211,Bangalore
2131,2485.0,1.0,2,14858729,Chennai
2132,3357.0,4.0,3,10037968,Hyderabad
2133,,1.0,1,4958460,Mumbai
2134,2500.0,2.0,4,16871509,Chennai
2135,3210.0,1.0,2,12521299,Bangalore
2136,4586.0,1.0,3,24786216,Vijayawada
2137,2049.0,1.0,2,11254043,Hyderabad
2138,1146.0,3.0,1,5962571,Mumbai
2139,2603.0,3.0,4,11202389,Vijayawada
2140,2696.0,4.0,3,2654969,Mumbai
2141,1303.0,2.0,2,12764264,Hyderabad
2142,3003.0,1.0,3,14971379,Bangalore
2143,2225.0,1.0,2,19627031,Mumbai
2144,3931.0,1.0,2,23339849,Hyderabad
2145,3578.0,1.0,1,13640067,Mumbai
2146,3439.0,3.0,1,5466974,Vijayawada
2147,3984.0,4.0,2,12070901,Mumbai
2148,,5.0,4,4088160,Vijayawada
2149,2461.0,2.0,3,22116136,Vijayawada
2150,3456.0,1.0,3,4609668,Hyderabad
2151,1285.0,4.0,1,17893445,Chennai
2152,4883.0,5.0,4,8886089,Mumbai
2153,2219.0,4.0,2,24780490,Bangalore
2154,2031.0,3.0,1,2769343,Vijayawada
2155,1475.0,5.0,2,8782060,Chennai
2156,3061.0,,2,23167923,Vijayawada
2157,1965.0,3.0,1,9654410,Chennai
2158,1843.0,4.0,4,1667659,Chennai
2159,762.0,4.0,3,4911236,Bangalore
2160,2574.0,5.0,1,20367933,Chennai
2161,3891.0,3.0,4,10402601,Bangalore
2162,869.0,,2,15070270,Hyderabad
2163,1231.0,2.0,1,14684215,Vijayawada
2164,1505.0,5.0,3,17624308,Bangalore
2165,4071.0,3.0,3,19675144,Vijayawada
2166,3853.0,4.0,2,24429736,Mumbai
2167,2614.0,3.0,1,3545481,Hyderabad
2168,2241.0,2.0,3,10618303,Mumbai
2169,804.0,2.0,1,23674221,Mumbai
2170,1181.0,1.0,3,8572368,Chennai
2171,1440.0,1.0,2,22076254,Chennai
2172,2319.0,2.0,2,20326516,Mumbai
2173,3243.0,5.0,1,8189687,Chennai
2174,2897.0,5.0,4,5571889,Vijayawada
2175,1474.0,4.0,4,12299020,Chennai
2176,1289.0,1.0,2,17588383,Mumbai
2177,4600.0,4.0,3,14312263,Chennai
2178,3741.0,,4,22235897,Chennai
2179,2022.0,2.0,2,18593791,Bangalore
2180,1271.0,5.0,3,2174104,Bangalore
2181,1771.0,5.0,3,4970966,Mumbai
2182,,2.0,4,18033495,Vijayawada
2183,1543.0,4.0,2,9775104,Hyderabad
2184,2049.0,4.0,3,20290707,Hyderabad
2185,4337.0,3.0,3,8319678,Mumbai
2186,3139.0,1.0,1,6611179,Vijayawada
2187,4559.0,4.0,1,8412690,Vijayawada
2188,4860.0,2.0,4,11557816,Vijayawada
2189,,4.0,1,1639244,Bangalore
2190,4252.0,5.0,2,24071742,Mumbai
2191,4270.0,1.0,4,2221673,Hyderabad
2192,2353.0,3.0,4,23649870,Vijayawada
2193,,,1,21704851,Mumbai
2194,2538.0,5.0,3,14000513,Hyderabad
2195,970.0,5.0,2,4091090,Bangalore
2196,2531.0,5.0,2,1989922,Chennai
2197,1024.0,5.0,2,8926029,Hyderabad
2198,,2.0,4,5936134,Hyderabad
2199,1197.0,3.0,2,22277351,Hyderabad
2200,3662.0,5.0,3,24707548,Chennai
2201,2936.0,5.0,3,19242314,Vijayawada
2202,2287.0,4.0,1,3806972,Chennai
2203,1172.0,3.0,2,10500085,Hyderabad
2204,2690.0,1.0,4,13646131,Bangalore
2205,4269.0,3.0,1,14059402,Hyderabad
2206,4872.0,3.0,3,4220688,Bangalore
2207,2233.0,3.0,2,14631804,Mumbai
2208,2117.0,5.0,3,5548745,Bangalore
2209,4893.0,5.0,1,7756464,Hyderabad
2210,3257.0,2.0,3,7921172,Chennai
2211,4248.0,1.0,2,7449089,Hyderabad
2212,4188.0,4.0,2,3759071,Hyderabad
2213,2137.0,3.0,1,18189918,Mumbai
2214,3737.0,1.0,2,21876869,Vijayawada
2215,697.0,1.0,3,23006488,Hyderabad
2216,3815.0,2.0,3,22060740,Mumbai
2217,4350.0,4.0,4,18372835,Chennai
2218,3757.0,3.0,4,5749341,Mumbai
2219,943.0,4.0,4,16804321,Mumbai
2220,1210.0,2.0,3,15242603,Bangalore
2221,2327.0,5.0,3,12044674,Vijayawada
2222,2890.0,1.0,1,24201765,Vijayawada
2223,2454.0,3.0,4,11044439,Chennai
2224,3208.0,5.0,3,3016871,Mumbai
2225,2679.0,,1,15585524,Chennai
2226,2924.0,,3,14288980,Chennai
2227,1777.0,1.0,1,17132121,Vijayawada
2228,1691.0,3.0,4,18830029,Vijayawada
2229,3391.0,5.0,4,11205276,Vijayawada
2230,2349.0,,4,14621698,Hyderabad
2231,3275.0,1.0,3,13780206,Mumbai
2232,1381.0,4.0,3,22531310,Chennai
2233,3648.0,2.0,1,12012005,Mumbai
2234,2705.0,4.0,2,11448949,Chennai
2235,4467.0,4.0,2,4196314,Chennai
2236,2713.0,4.0,4,5998965,Chennai
2237,,1.0,2,8442362,Chennai
2238,2591.0,1.0,4,14683085,Bangalore
2239,1667.0,2.0,1,14653550,Bangalore
2240,2177.0,,2,24383707,Hyderabad
2241,1611.0,1.0,2,6001461,Vijayawada
2242,2874.0,2.0,4,14122825,Chennai
2243,2414.0,2.0,1,23828059,Mumbai
2244,3026.0,4.0,2,7873624,Bangalore
2245,3151.0,3.0,2,2903400,Vijayawada
2246,4257.0,4.0,2,16126849,Hyderabad
2247,607.0,3.0,1,6714435,Vijayawada
2248,3155.0,,1,4317422,Chennai
2249,1075.0,1.0,2,11616029,Vijayawada
2250,2811.0,5.0,4,1549875,Chennai
2251,1084.0,2.0,4,13894715,Bangalore
2252,2885.0,1.0,2,19335378,Bangalore
2253,4125.0,2.0,1,18104920,Chennai
2254,3939.0,4.0,2,6122410,Mumbai
2255,3422.0,3.0,1,10344905,Bangalore
2256,3524.0,2.0,2,20927463,Mumbai
2257,858.0,1.0,1,13867945,Chennai
2258,882.0,4.0,3,2617201,Chennai
2259,2498.0,5.0,4,13966082,Bangalore
2260,4735.0,4.0,3,10207069,Mumbai
2261,3576.0,3.0,4,4030346,Chennai
2262,2867.0,4.0,1,7021457,Bangalore
2263,3800.0,5.0,3,3149383,Chennai
2264,1212.0,1.0,4,14847546,Vijayawada
2265,1287.0,2.0,2,18058650,Vijayawada
2266,4290.0,3.0,1,3727995,Bangalore
2267,1212.0,5.0,1,2132621,Chennai
2268,2907.0,,2,3536287,Bangalore
2269,3613.0,,2,10043813,Hyderabad
2270,2381.0,3.0,4,18800782,Bangalore
2271,3191.0,5.0,1,16754669,Bangalore
2272,3296.0,2.0,4,16770302,Vijayawada
2273,4558.0,2.0,2,22536393,Vijayawada
2274,1174.0,3.0,1,9608789,Chennai
2275,2510.0,1.0,2,15771568,Bangalore
2276,4204.0,3.0,4,23213658,Bangalore
2277,1269.0,4.0,4,10081682,Chennai
2278,4964.0,2.0,4,8761468,Mumbai
2279,1883.0,,1,8285392,Chennai
2280,1523.0,2.0,2,8485195,Vijayawada
2281,1725.0,1.0,2,5556974,Vijayawada
2282,2129.0,1.0,4,24059615,Bangalore
2283,2194.0,5.0,4,17578169,Vijayawada
2284,846.0,,4,7308331,Chennai
2285,4311.0,3.0,4,17129244,Bangalore
2286,2160.0,4.0,3,3965860,Chennai
2287,3000.0,2.0,3,24298851,Chennai
2288,2843.0,1.0,3,23474507,Bangalore
2289,4464.0,4.0,4,5225551,Mumbai
2290,2539.0,4.0,4,2921672,Vijayawada
2291,3669.0,1.0,2,14043416,Hyderabad
2292,826.0,3.0,1,20028130,Hyderabad
2293,4147.0,2.0,2,17189305,Hyderabad
2294,864.0,3.0,3,3276305,Vijayawada
2295,1995.0,4.0,2,12383728,Mumbai
2296,4157.0,2.0,4,7391393,Chennai
2297,1245.0,5.0,3,4556151,Bangalore
2298,3590.0,4.0,3,22663478,Mumbai
2299,2499.0,3.0,1,16512767,Hyderabad
2300,3104.0,3.0,1,24045366,Vijayawada
2301,3372.0,3.0,3,4856641,Vijayawada
2302,1754.0,1.0,3,13687752,Bangalore
2303,1187.0,4.0,2,5055090,Chennai
2304,2421.0,2.0,3,6465697,Mumbai
2305,1585.0,3.0,4,13122903,Mumbai
2306,4679.0,3.0,2,7087874,Mumbai
2307,3948.0,1.0,4,24464932,Chennai
2308,4431.0,2.0,4,11653815,Chennai
2309,1841.0,4.0,4,21241701,Chennai
2310,789.0,5.0,3,5147981,Bangalore
2311,1580.0,1.0,1,16845532,Vijayawada
2312,2298.0,,1,23064704,Hyderabad
2313,2315.0,,4,19046896,Chennai
2314,3193.0,3.0,3,4683965,Vijayawada
2315,4736.0,3.0,2,24569895,Chennai
2316,1698.0,2.0,4,5884679,Hyderabad
2317,2926.0,5.0,2,1565197,Chennai
2318,3847.0,3.0,2,6979366,Vijayawada
2319,1495.0,3.0,3,17565477,Bangalore
2320,2274.0,2.0,3,17864483,Hyderabad
2321,3509.0,4.0,1,21722848,Vijayawada
2322,1530.0,3.0,1,7215278,Mumbai
2323,4984.0,1.0,3,22319550,Mumbai
2324,1323.0,1.0,4,19776974,Mumbai
2325,3540.0,4.0,1,7034048,Bangalore
2326,1689.0,5.0,2,7206419,Chennai
2327,1535.0,2.0,4,23281154,Chennai
2328,,1.0,2,2600100,Chennai
2329,755.0,1.0,3,3247844,Bangalore
2330,1670.0,4.0,2,19755075,Mumbai
2331,,5.0,4,6096880,Chennai
2332,3101.0,5.0,3,15670396,Bangalore
2333,4819.0,4.0,4,11846887,Bangalore
2334,4430.0,1.0,2,23309511,Vijayawada
2335,,2.0,4,18560608,Chennai
2336,1239.0,1.0,3,11376252,Mumbai
2337,2838.0,5.0,2,17102595,Hyderabad
2338,2202.0,1.0,2,15981330,Bangalore
2339,1041.0,2.0,1,9106436,Vijayawada
2340,1936.0,3.0,1,17991076,Hyderabad
2341,4300.0,1.0,4,18286228,Bangalore
2342,1548.0,4.0,1,17254463,Vijayawada
2343,3973.0,3.0,1,18088923,Chennai
2344,1059.0,4.0,1,15178515,Vijayawada
2345,992.0,4.0,1,12797291,Bangalore
2346,4538.0,4.0,3,5533587,Chennai
2347,2387.0,1.0,3,21280742,Mumbai
2348,2857.0,5.0,1,10903024,Vijayawada
2349,1738.0,3.0,4,24424414,Hyderabad
2350,4408.0,2.0,3,12959498,Chennai
2351,3054.0,5.0,1,4299888,Chennai
2352,2066.0,1.0,3,9791514,Mumbai
2353,,4.0,2,17237858,Vijayawada
2354,1977.0,2.0,3,2569077,Hyderabad
2355,,3.0,3,6427653,Mumbai
2356,741.0,5.0,4,24380753,Vijayawada
2357,3259.0,5.0,3,14783761,Hyderabad
2358,1439.0,2.0,4,12474020,Hyderabad
2359,4218.0,1.0,2,21858813,Bangalore
2360,4517.0,3.0,1,20854262,Hyderabad
2361,1195.0,2.0,4,15303510,Vijayawada
2362,2504.0,4.0,3,22087220,Mumbai
2363,880.0,3.0,3,20571351,Mumbai
2364,1023.0,5.0,4,3104313,Bangalore
2365,4965.0,2.0,2,16531541,Vijayawada
2366,4849.0,5.0,1,13520116,Hyderabad
2367,2350.0,5.0,3,15938163,Bangalore
2368,2567.0,5.0,2,2009590,Chennai
2369,4688.0,1.0,1,3102243,Vijayawada
2370,4778.0,5.0,1,13072116,Bangalore
2371,3546.0,4.0,3,17128308,Mumbai
2372,2049.0,4.0,4,10671342,Bangalore
2373,2931.0,3.0,3,18035056,Chennai
2374,2820.0,5.0,3,22995858,Vijayawada
2375,4389.0,5.0,3,3350170,Bangalore
2376,3410.0,2.0,2,9151922,Hyderabad
2377,2131.0,1.0,4,16848529,Vijayawada
2378,3590.0,3.0,2,24998529,Bangalore
2379,1743.0,5.0,3,17227877,Bangalore
2380,1533.0,2.0,4,3084492,Vijayawada
2381,2060.0,,1,12158864,Mumbai
2382,3323.0,3.0,4,12286420,Hyderabad
2383,3112.0,3.0,3,11331876,Vijayawada
2384,885.0,5.0,4,16468448,Hyderabad
2385,864.0,,1,10392812,Hyderabad
2386,2967.0,2.0,1,20778506,Vijayawada
2387,4047.0,3.0,4,10739238,Bangalore
2388,2362.0,4.0,1,24249058,Mumbai
2389,3648.0,2.0,2,10162841,Hyderabad
2390,2981.0,,4,18834104,Hyderabad
2391,2869.0,1.0,1,5871552,Bangalore
2392,640.0,,1,15926087,Vijayawada
2393,667.0,5.0,4,21239152,Mumbai
2394,1587.0,4.0,2,5584396,Hyderabad
2395,,1.0,4,10236717,Hyderabad
2396,3798.0,1.0,1,21192215,Vijayawada
2397,3124.0,1.0,4,11404053,Bangalore
2398,,1.0,1,21404726,Chennai
2399,3079.0,3.0,3,13106231,Bangalore
2400,2293.0,2.0,4,15889349,Hyderabad
2401,2915.0,2.0,4,21891989,Hyderabad
2402,1378.0,4.0,1,19384442,Mumbai
2403,2185.0,3.0,1,14010821,Bangalore
2404,2092.0,,1,3016660,Chennai
2405,1260.0,1.0,1,10589580,Mumbai
2406,1948.0,5.0,4,5417342,Chennai
2407,1899.0,5.0,1,4949808,Mumbai
2408,4540.0,4.0,4,12355716,Bangalore
2409,2586.0,,2,17211426,Hyderabad
2410,2644.0,4.0,4,15193188,Chennai
2411,4116.0,3.0,1,3620910,Bangalore
2412,1658.0,2.0,1,6438291,Chennai
2413,1576.0,1.0,2,23366544,Bangalore
2414,1327.0,3.0,4,23009125,Mumbai
2415,3127.0,,2,22422746,Bangalore
2416,3736.0,5.0,4,1700073,Mumbai
2417,,4.0,1,21343295,Hyderabad
2418,2047.0,5.0,4,19351414,Mumbai
2419,2979.0,2.0,1,12494671,Vijayawada
2420,4259.0,5.0,1,18808304,Hyderabad
2421,1126.0,1.0,3,11707341,Bangalore
2422,2496.0,5.0,3,9399859,Bangalore
2423,2673.0,1.0,4,14316171,Vijayawada
2424,1005.0,2.0,1,16838024,Bangalore
2425,2173.0,5.0,2,3158027,Hyderabad
2426,4340.0,4.0,1,3300917,Hyderabad
2427,4874.0,4.0,2,1778833,Mumbai
2428,,4.0,4,19145107,Chennai
2429,2446.0,5.0,4,3635621,Bangalore
2430,2078.0,5.0,2,7399198,Vijayawada
2431,2995.0,5.0,2,5421046,Hyderabad
2432,1371.0,1.0,1,7766283,Hyderabad
2433,1178.0,2.0,4,8637900,Hyderabad
2434,3501.0,4.0,1,3030732,Chennai
2435,793.0,1.0,2,16361918,Chennai
2436,2607.0,4.0,3,10357343,Bangalore
2437,1785.0,1.0,3,17460619,Vijayawada
2438,2994.0,5.0,3,9816851,Chennai
2439,3598.0,4.0,2,3097506,Mumbai
2440,2392.0,5.0,1,11278331,Chennai
2441,1710.0,4.0,4,22070946,Hyderabad
2442,4605.0,3.0,2,4121645,Vijayawada
2443,2861.0,1.0,3,10767985,Bangalore
2444,4336.0,3.0,1,22301202,Chennai
2445,4393.0,1.0,4,24267100,Hyderabad
2446,2536.0,2.0,4,23394715,Mumbai
2447,4957.0,4.0,2,11972521,Mumbai
2448,1329.0,2.0,2,24850320,Bangalore
2449,4978.0,2.0,4,7200366,Bangalore
2450,4051.0,1.0,4,6838578,Chennai
2451,2740.0,3.0,3,9600424,Bangalore
2452,2244.0,5.0,4,11912739,Hyderabad
2453,3400.0,1.0,2,6650606,Hyderabad
2454,741.0,5.0,1,23176210,Hyderabad
2455,2055.0,2.0,3,20461455,Chennai
2456,2696.0,5.0,3,17438631,Chennai
2457,1925.0,3.0,4,23208912,Bangalore
2458,1813.0,1.0,1,17270356,Chennai
2459,1759.0,3.0,3,24746726,Hyderabad
2460,940.0,3.0,2,6901396,Vijayawada
2461,4428.0,1.0,4,9782270,Hyderabad
2462,2568.0,3.0,2,5917327,Vijayawada
2463,1303.0,4.0,4,20943694,Bangalore
2464,3029.0,4.0,3,9437115,Mumbai
2465,2400.0,,4,8623056,Chennai
2466,1455.0,5.0,1,19010658,Chennai
2467,2412.0,3.0,2,13102026,Hyderabad
2468,3466.0,1.0,1,14983397,Hyderabad
2469,4242.0,1.0,2,21958462,Vijayawada
2470,782.0,5.0,2,14952645,Chennai
2471,3712.0,1.0,4,16317038,Bangalore
2472,2117.0,4.0,3,11790374,Hyderabad
2473,1956.0,3.0,3,1861949,Chennai
2474,2774.0,1.0,1,24027824,Mumbai
2475,4229.0,1.0,4,9748892,Vijayawada
2476,4228.0,2.0,3,17942940,Hyderabad
2477,4696.0,2.0,2,20676756,Hyderabad
2478,3839.0,2.0,2,11214290,Bangalore
2479,,3.0,4,8154295,Hyderabad
2480,618.0,4.0,1,8039399,Chennai
2481,4003.0,4.0,4,19416180,Chennai
2482,3604.0,,1,15883068,Chennai
2483,1732.0,3.0,4,1577332,Mumbai
2484,3939.0,3.0,2,3566462,Mumbai
2485,3911.0,2.0,4,6403158,Hyderabad
2486,3972.0,1.0,3,17093882,Mumbai
2487,1587.0,5.0,3,9147213,Mumbai
2488,3921.0,5.0,4,10674968,Bangalore
2489,773.0,1.0,1,18622400,Mumbai
2490,4341.0,2.0,1,23156921,Vijayawada
2491,3652.0,1.0,2,21171515,Vijayawada
2492,1326.0,1.0,2,23935115,Vijayawada
2493,4360.0,5.0,1,16642186,Hyderabad
2494,2475.0,2.0,4,24368254,Chennai
2495,4633.0,3.0,2,5862451,Bangalore
2496,1589.0,,1,11132843,Hyderabad
2497,4344.0,3.0,1,10659153,Chennai
2498,3286.0,2.0,4,23589219,Bangalore
2499,1019.0,1.0,3,8280231,Bangalore
2500,1193.0,4.0,1,19479419,Bangalore
2501,2374.0,4.0,2,9244200,Vijayawada
2502,3059.0,2.0,4,21098721,Vijayawada
2503,1535.0,4.0,4,8258672,Vijayawada
2504,4408.0,3.0,4,13101022,Bangalore
2505,931.0,4.0,3,17079337,Bangalore
2506,4049.0,2.0,3,10445160,Vijayawada
2507,3302.0,2.0,2,6135073,Bangalore
2508,4606.0,3.0,2,3782583,Vijayawada
2509,4468.0,4.0,4,2396317,Vijayawada
2510,4800.0,4.0,2,11690866,Vijayawada
2511,801.0,,1,17280970,Chennai
2512,3097.0,5.0,3,10189097,Bangalore
2513,2442.0,2.0,4,23982929,Hyderabad
2514,,1.0,4,15694998,Vijayawada
2515,2596.0,2.0,1,19383547,Hyderabad
2516,1509.0,1.0,1,9635397,Chennai
2517,4905.0,5.0,1,12840399,Bangalore
2518,3789.0,1.0,1,1674811,Vijayawada
2519,1370.0,2.0,4,16358874,Vijayawada
2520,3755.0,4.0,3,24534353,Vijayawada
2521,3101.0,,3,17071187,Hyderabad
2522,3314.0,3.0,1,8420881,Chennai
2523,4185.0,3.0,2,21638560,Bangalore
2524,2228.0,3.0,4,21259618,Chennai
2525,986.0,3.0,3,20735022,Vijayawada
2526,4021.0,5.0,1,24143635,Chennai
2527,4608.0,4.0,2,15043817,Hyderabad
2528,4693.0,4.0,2,12656500,Mumbai
2529,4963.0,2.0,1,16460420,Mumbai
2530,3066.0,1.0,4,7033198,Bangalore
2531,2882.0,2.0,3,7142957,Bangalore
2532,2456.0,2.0,2,18852823,Chennai
2533,2598.0,2.0,3,11639272,Bangalore
2534,1836.0,2.0,3,20791947,Hyderabad
2535,4744.0,4.0,2,11025030,Vijayawada
2536,1750.0,1.0,1,12156132,Vijayawada
2537,4918.0,2.0,2,5749112,Chennai
2538,2031.0,4.0,2,19200663,Vijayawada
2539,2419.0,2.0,4,9051209,Chennai
2540,2924.0,3.0,3,4164056,Bangalore
2541,1730.0,2.0,1,18089401,Bangalore
2542,3258.0,2.0,3,23230623,Hyderabad
2543,4100.0,5.0,2,24725031,Vijayawada
2544,974.0,3.0,1,18319567,Hyderabad
2545,2720.0,1.0,1,15846888,Mumbai
2546,4620.0,2.0,1,18505193,Hyderabad
2547,2621.0,1.0,1,17972559,Chennai
2548,4305.0,3.0,4,8995001,Chennai
2549,3859.0,2.0,1,13991994,Hyderabad
2550,4035.0,5.0,2,21917595,Bangalore
2551,2489.0,4.0,4,5291838,Mumbai
2552,2423.0,5.0,2,17379826,Hyderabad
2553,2074.0,5.0,2,5451210,Bangalore
2554,2842.0,4.0,3,6989189,Hyderabad
2555,3843.0,4.0,1,20657637,Vijayawada
2556,3734.0,4.0,1,8235068,Chennai
2557,2670.0,2.0,2,17404558,Vijayawada
2558,959.0,1.0,1,22885132,Vijayawada
2559,2641.0,1.0,4,12340565,Mumbai
2560,1741.0,4.0,3,4378596,Bangalore
2561,2235.0,5.0,1,20891309,Chennai
2562,4600.0,3.0,1,18889620,Vijayawada
2563,2543.0,4.0,4,10007841,Chennai
2564,3961.0,5.0,3,18105227,Bangalore
2565,3580.0,5.0,4,9902477,Hyderabad
2566,606.0,2.0,2,14542322,Vijayawada
2567,3867.0,2.0,2,18863671,Bangalore
2568,2191.0,1.0,1,17940147,Chennai
2569,3864.0,1.0,3,2792334,Bangalore
2570,3206.0,3.0,2,21597843,Hyderabad
2571,3819.0,3.0,4,17897335,Bangalore
2572,3873.0,3.0,2,12237296,Chennai
2573,1513.0,3.0,2,22892959,Vijayawada
2574,2611.0,5.0,4,10311638,Vijayawada
2575,2042.0,5.0,1,12111422,Mumbai
2576,,1.0,3,12422161,Chennai
2577,4146.0,2.0,1,16781146,Mumbai
2578,4821.0,,4,8805023,Mumbai
2579,3528.0,4.0,2,21498619,Hyderabad
2580,2429.0,5.0,3,15937434,Chennai
2581,1175.0,3.0,1,20954852,Vijayawada
2582,1529.0,3.0,4,9778453,Chennai
2583,4359.0,4.0,2,11909387,Hyderabad
2584,4299.0,2.0,2,18884828,Chennai
2585,2063.0,3.0,1,14501189,Chennai
2586,3875.0,2.0,4,7408187,Mumbai
2587,1654.0,4.0,2,11411480,Chennai
2588,2500.0,2.0,2,8139150,Mumbai
2589,2057.0,2.0,3,2366763,Mumbai
2590,1999.0,2.0,2,13198040,Bangalore
2591,4015.0,3.0,1,10039032,Hyderabad
2592,1042.0,1.0,4,16378251,Mumbai
2593,4250.0,5.0,4,6262347,Chennai
2594,1778.0,2.0,3,24410824,Mumbai
2595,1857.0,2.0,4,7365522,Mumbai
2596,4234.0,2.0,1,20708500,Mumbai
2597,2441.0,1.0,2,2324353,Vijayawada
2598,2909.0,4.0,3,22923739,Vijayawada
2599,1510.0,3.0,4,21897036,Vijayawada
2600,4940.0,1.0,3,8624556,Vijayawada
2601,4609.0,2.0,3,9157351,Bangalore
2602,2769.0,,4,9155628,Mumbai
2603,2772.0,1.0,3,1808293,Bangalore
2604,723.0,1.0,4,8593727,Chennai
2605,3758.0,4.0,1,15531723,Hyderabad
2606,1385.0,5.0,4,16004070,Bangalore
2607,3016.0,3.0,2,16830393,Vijayawada
2608,1396.0,,4,13322670,Vijayawada
2609,4772.0,,2,20873495,Chennai
2610,4754.0,5.0,3,12296329,Mumbai
2611,2536.0,,4,12202949,Hyderabad
2612,2756.0,1.0,2,16552399,Bangalore
2613,4407.0,1.0,4,19505607,Mumbai
2614,1901.0,2.0,4,14063983,Mumbai
2615,4763.0,4.0,4,16652735,Bangalore
2616,3740.0,2.0,1,5535876,Bangalore
2617,3836.0,3.0,2,19324913,Bangalore
2618,2952.0,1.0,1,16760673,Bangalore
2619,2532.0,3.0,1,13410262,Vijayawada
2620,3321.0,5.0,2,16289462,Mumbai
2621,964.0,1.0,4,19646909,Mumbai
2622,2990.0,3.0,1,24096798,Vijayawada
2623,1546.0,5.0,1,18696034,Mumbai
2624,1977.0,3.0,1,11185933,Bangalore
2625,2039.0,5.0,4,3965254,Hyderabad
2626,3780.0,5.0,1,15442382,Mumbai
2627,940.0,1.0,3,2534416,Hyderabad
2628,3589.0,2.0,2,15546464,Hyderabad
2629,982.0,,3,19656392,Vijayawada
2630,2156.0,5.0,4,20136309,Chennai
2631,899.0,1.0,1,5627196,Mumbai
2632,738.0,2.0,2,12270829,Vijayawada
2633,958.0,4.0,1,19069263,Vijayawada
2634,2122.0,4.0,4,13857851,Hyderabad
2635,4056.0,2.0,2,2014004,Mumbai
2636,2227.0,3.0,3,7204415,Vijayawada
2637,,1.0,2,21271893,Bangalore
2638,1734.0,2.0,1,18296408,Vijayawada
2639,2786.0,4.0,2,20163554,Bangalore
2640,3770.0,5.0,4,19554256,Chennai
2641,4435.0,4.0,4,7054973,Bangalore
2642,2751.0,5.0,2,18900737,Bangalore
2643,1837.0,1.0,4,17280883,Hyderabad
2644,4335.0,,4,13397046,Vijayawada
2645,3434.0,2.0,4,2404600,Chennai
2646,4860.0,5.0,3,9583365,Vijayawada
2647,1598.0,3.0,1,18563318,Bangalore
2648,3167.0,2.0,4,7243809,Bangalore
2649,1907.0,1.0,2,5657752,Vijayawada
2650,1256.0,2.0,4,15233966,Chennai
2651,3260.0,3.0,3,6733643,Chennai
2652,2811.0,1.0,2,22902274,Hyderabad
2653,2509.0,4.0,1,11991593,Bangalore
2654,,3.0,2,19317613,Bangalore
2655,2646.0,1.0,2,13450938,Hyderabad
2656,3762.0,5.0,2,19573845,Vijayawada
2657,1740.0,,2,21392221,Bangalore
2658,866.0,1.0,4,11036525,Vijayawada
2659,2445.0,2.0,1,5372866,Chennai
2660,2308.0,,4,4491539,Mumbai
2661,4230.0,,3,23938144,Hyderabad
2662,3811.0,4.0,3,13243265,Bangalore
2663,2893.0,3.0,2,24732151,Hyderabad
2664,4332.0,1.0,4,12776265,Chennai
2665,4429.0,5.0,4,3352675,Chennai
2666,2110.0,1.0,1,24977923,Chennai
2667,1075.0,2.0,1,19329279,Chennai
2668,1576.0,1.0,1,9071592,Mumbai
2669,1807.0,4.0,4,8148561,Vijayawada
2670,2560.0,1.0,1,4102562,Vijayawada
2671,1157.0,3.0,1,11546579,Mumbai
2672,,1.0,1,7899177,Vijayawada
2673,2794.0,,2,11283545,Chennai
2674,3267.0,1.0,3,11214109,Vijayawada
2675,2210.0,4.0,3,8617753,Hyderabad
2676,4088.0,5.0,4,9372789,Vijayawada
2677,3054.0,1.0,4,18584527,Hyderabad
2678,,1.0,2,21635754,Bangalore
2679,3408.0,3.0,3,3354936,Hyderabad
2680,4425.0,4.0,1,21630537,Hyderabad
2681,4136.0,5.0,1,12287503,Chennai
2682,4402.0,2.0,4,8201447,Chennai
2683,,1.0,3,4974376,Chennai
2684,2570.0,5.0,4,14552046,Hyderabad
2685,4422.0,2.0,4,22542207,Mumbai
2686,3419.0,4.0,1,20794388,Chennai
2687,1502.0,4.0,1,13929890,Chennai
2688,,5.0,3,23159139,Hyderabad
2689,4858.0,2.0,4,4378237,Bangalore
2690,3719.0,4.0,2,7353452,Bangalore
2691,3158.0,5.0,3,22556747,Vijayawada
2692,2463.0,4.0,4,6262152,Bangalore
2693,715.0,4.0,3,15660146,Chennai
2694,2984.0,4.0,3,5808783,Mumbai
2695,4535.0,3.0,3,13091765,Vijayawada
2696,,2.0,2,2420638,Mumbai
2697,1542.0,5.0,2,20092147,Mumbai
2698,2324.0,5.0,1,4164639,Chennai
2699,2934.0,2.0,1,6295684,Hyderabad
2700,3367.0,2.0,4,18664285,Hyderabad
2701,1737.0,2.0,3,20132337,Hyderabad
2702,,2.0,4,2218954,Bangalore
2703,4717.0,1.0,1,24140486,Hyderabad
2704,4020.0,5.0,2,16444877,Chennai
2705,4506.0,1.0,1,10363441,Bangalore
2706,4237.0,4.0,4,16578997,Hyderabad
2707,3553.0,4.0,1,13898586,Mumbai
2708,2967.0,5.0,4,5610891,Chennai
2709,4821.0,4.0,4,24545201,Chennai
2710,876.0,2.0,4,8395481,Vijayawada
2711,2599.0,,4,15155894,Chennai
2712,1827.0,2.0,1,21938848,Mumbai
2713,4352.0,4.0,4,1727894,Chennai
2714,4335.0,,4,2561449,Vijayawada
2715,1295.0,2.0,3,12111572,Chennai
2716,1909.0,5.0,4,4465632,Chennai
2717,4752.0,2.0,1,12399686,Vijayawada
2718,,4.0,4,23474512,Chennai
2719,4714.0,1.0,2,14096360,Bangalore
2720,2911.0,5.0,2,15670974,Chennai
2721,,1.0,4,12583206,Hyderabad
2722,,5.0,2,10388208,Hyderabad
2723,4159.0,1.0,2,13495490,Bangalore
2724,3998.0,4.0,1,8489823,Chennai
2725,1141.0,5.0,3,14148382,Mumbai
2726,3294.0,,2,3093603,Chennai
2727,1688.0,1.0,2,19646122,Hyderabad
2728,3963.0,1.0,3,3623699,Vijayawada
2729,624.0,2.0,3,3420831,Bangalore
2730,2172.0,5.0,2,17335527,Vijayawada
2731,3558.0,3.0,4,21081159,Mumbai
2732,4836.0,4.0,2,19220196,Chennai
2733,2367.0,2.0,4,19074334,Mumbai
2734,2835.0,,4,14231520,Vijayawada
2735,800.0,5.0,4,23816302,Chennai
2736,,3.0,3,9133829,Mumbai
2737,856.0,1.0,2,21968905,Hyderabad
2738,4347.0,1.0,2,12127199,Hyderabad
2739,2841.0,2.0,1,13053965,Bangalore
2740,3775.0,5.0,3,10533652,Hyderabad
2741,,5.0,1,6700444,Hyderabad
2742,3936.0,3.0,1,6159710,Vijayawada
2743,1013.0,2.0,4,12272967,Hyderabad
2744,2614.0,5.0,3,6434210,Hyderabad
2745,1981.0,1.0,1,6203157,Vijayawada
2746,1698.0,3.0,2,15271801,Hyderabad
2747,4026.0,4.0,1,18700210,Hyderabad
2748,4255.0,1.0,3,5010251,Bangalore
2749,1509.0,2.0,2,9639115,Hyderabad
2750,787.0,5.0,2,6375630,Hyderabad
2751,4644.0,1.0,2,10684315,Bangalore
2752,4356.0,4.0,4,6788486,Vijayawada
2753,2615.0,,2,18278874,Hyderabad
2754,2692.0,2.0,4,3822723,Mumbai
2755,4244.0,1.0,4,11344648,Vijayawada
2756,,3.0,1,17646293,Vijayawada
2757,957.0,1.0,1,8989305,Hyderabad
2758,3022.0,4.0,2,20127223,Bangalore
2759,4857.0,2.0,3,23771871,Vijayawada
2760,2097.0,2.0,2,11251001,Bangalore
2761,2758.0,3.0,1,4104878,Mumbai
2762,3155.0,2.0,2,8669157,Bangalore
2763,2942.0,2.0,1,4219771,Chennai
2764,3551.0,2.0,2,12521212,Bangalore
2765,,2.0,3,14908660,Vijayawada
2766,1573.0,2.0,2,24244016,Bangalore
2767,4565.0,4.0,3,14408024,Bangalore
2768,1650.0,1.0,3,7407287,Chennai
2769,4301.0,5.0,2,23723291,Chennai
2770,3380.0,2.0,3,23996483,Hyderabad
2771,2188.0,5.0,3,3207806,Vijayawada
2772,4478.0,5.0,1,12544142,Hyderabad
2773,2968.0,4.0,1,20691841,Chennai
2774,1036.0,2.0,3,22087521,Bangalore
2775,3428.0,5.0,4,23504073,Chennai
2776,,2.0,2,23865378,Mumbai
2777,4458.0,3.0,3,16246205,Bangalore
2778,1904.0,3.0,2,16333479,Hyderabad
2779,2984.0,3.0,1,22129126,Bangalore
2780,782.0,5.0,2,17730649,Mumbai
2781,2189.0,3.0,3,21848249,Chennai
2782,2187.0,,3,1661101,Vijayawada
2783,1259.0,,3,4200463,Vijayawada
2784,759.0,5.0,3,15576028,Vijayawada
2785,,2.0,4,19115610,Chennai
2786,1611.0,1.0,4,24131985,Vijayawada
2787,652.0,2.0,4,1969596,Mumbai
2788,2907.0,2.0,3,2633435,Chennai
2789,1828.0,2.0,4,13080293,Vijayawada
2790,1635.0,2.0,2,13903632,Hyderabad
2791,4302.0,1.0,3,5558518,Chennai
2792,4645.0,3.0,1,23301691,Chennai
2793,1864.0,2.0,3,14383789,Bangalore
2794,2484.0,4.0,2,20944045,Vijayawada
2795,,5.0,4,14926266,Hyderabad
2796,3767.0,5.0,3,21872411,Mumbai
2797,4397.0,4.0,4,23450818,Chennai
2798,2941.0,2.0,3,3614732,Mumbai
2799,4014.0,1.0,2,14460956,Mumbai
2800,1417.0,3.0,3,24962711,Mumbai
2801,3037.0,5.0,4,23779169,Bangalore
2802,1488.0,3.0,4,1723080,Mumbai
2803,1267.0,1.0,2,16973580,Vijayawada
2804,3224.0,5.0,3,5049551,Vijayawada
2805,4832.0,3.0,1,8398199,Hyderabad
2806,1418.0,1.0,3,23894780,Hyderabad
2807,2788.0,3.0,2,4599586,Mumbai
2808,1706.0,2.0,1,3973836,Mumbai
2809,2824.0,1.0,2,8785315,Bangalore
2810,797.0,3.0,3,21041697,Mumbai
2811,3271.0,,1,18209203,Mumbai
2812,4092.0,2.0,2,4067604,Mumbai
2813,3048.0,1.0,4,5035054,Chennai
2814,1070.0,4.0,1,8545663,Chennai
2815,2548.0,5.0,1,14643868,Bangalore
2816,4499.0,1.0,2,10686985,Bangalore
2817,2610.0,2.0,4,20420894,Vijayawada
2818,4400.0,2.0,1,12557765,Bangalore
2819,4718.0,1.0,2,13486978,Vijayawada
2820,4396.0,4.0,1,24276626,Mumbai
2821,4588.0,5.0,1,4860966,Bangalore
2822,834.0,3.0,1,8301196,Bangalore
2823,1528.0,1.0,4,9077676,Bangalore
2824,4207.0,5.0,3,4998352,Vijayawada
2825,1122.0,5.0,3,19807904,Vijayawada
2826,4123.0,2.0,4,10921148,Hyderabad
2827,2229.0,3.0,4,4781401,Vijayawada
2828,1916.0,1.0,2,24319458,Vijayawada
2829,3457.0,2.0,1,9368653,Chennai
2830,1724.0,2.0,4,13154720,Bangalore
2831,3187.0,4.0,2,17246479,Vijayawada
2832,1623.0,5.0,3,10726377,Bangalore
2833,1978.0,1.0,3,20394563,Bangalore
2834,3974.0,1.0,3,13455400,Chennai
2835,2119.0,,3,6307821,Bangalore
2836,826.0,2.0,2,16031171,Vijayawada
2837,,4.0,1,23692022,Bangalore
2838,4672.0,3.0,2,13922754,Hyderabad
2839,2857.0,2.0,1,13347478,Hyderabad
2840,3388.0,3.0,3,20115209,Chennai
2841,996.0,4.0,4,22271170,Vijayawada
2842,2678.0,,4,18320801,Chennai
2843,3837.0,1.0,4,23735982,Hyderabad
2844,4493.0,3.0,1,22773928,Vijayawada
2845,2605.0,2.0,3,8217998,Bangalore
2846,2616.0,3.0,2,16002736,Vijayawada
2847,3771.0,5.0,4,11913949,Mumbai
2848,3268.0,1.0,1,11589617,Vijayawada
2849,2478.0,3.0,4,17053687,Bangalore
2850,1796.0,5.0,2,2427510,Mumbai
2851,2372.0,2.0,3,14416875,Chennai
2852,761.0,4.0,2,18715508,Vijayawada
2853,4576.0,2.0,3,19525725,Chennai
2854,2351.0,1.0,3,8543135,Vijayawada
2855,1375.0,2.0,3,13477945,Hyderabad
2856,1539.0,2.0,4,16969639,Hyderabad
2857,3820.0,2.0,2,19033917,Bangalore
2858,1139.0,2.0,4,17548289,Hyderabad
2859,2061.0,1.0,2,24731044,Mumbai
2860,955.0,5.0,1,24529662,Mumbai
2861,4204.0,3.0,1,13806165,Vijayawada
2862,3923.0,4.0,2,2861349,Chennai
2863,834.0,3.0,2,9260854,Mumbai
2864,2148.0,3.0,2,19889996,Vijayawada
2865,,4.0,2,18338546,Chennai
2866,4813.0,1.0,3,12779743,Hyderabad
2867,2701.0,4.0,4,7775178,Vijayawada
2868,2273.0,1.0,3,18640332,Chennai
2869,2700.0,3.0,4,2930343,Bangalore
2870,4257.0,1.0,4,17737708,Bangalore
2871,4196.0,5.0,4,3972512,Mumbai
2872,4348.0,4.0,3,22456293,Chennai
2873,3773.0,5.0,2,8118991,Bangalore
2874,2415.0,3.0,3,7390714,Mumbai
2875,4441.0,4.0,3,13945774,Vijayawada
2876,2605.0,3.0,4,2087699,Vijayawada
2877,1274.0,5.0,1,2264797,Chennai
2878,986.0,3.0,1,13107521,Chennai
2879,2758.0,4.0,3,14582873,Chennai
2880,3261.0,4.0,4,7399128,Chennai
2881,2664.0,3.0,3,22972255,Bangalore
2882,4451.0,4.0,3,22599094,Bangalore
2883,3853.0,4.0,2,5358223,Mumbai
2884,4866.0,3.0,4,19355216,Bangalore
2885,1339.0,5.0,1,13075895,Vijayawada
2886,2001.0,4.0,1,22982446,Mumbai
2887,3859.0,4.0,1,18525506,Bangalore
2888,2877.0,4.0,3,16595979,Chennai
2889,4504.0,4.0,4,9543364,Bangalore
2890,4523.0,3.0,2,19835760,Hyderabad
2891,4814.0,5.0,1,22083717,Mumbai
2892,3827.0,5.0,4,4119189,Bangalore
2893,3431.0,1.0,1,7858234,Bangalore
2894,4358.0,4.0,2,5004179,Vijayawada
2895,3112.0,4.0,4,10767214,Chennai
2896,2751.0,1.0,3,2598168,Chennai
2897,4275.0,5.0,3,11125589,Vijayawada
2898,3345.0,2.0,1,4129479,Vijayawada
2899,4466.0,2.0,1,20513638,Hyderabad
2900,4364.0,5.0,4,12151186,Mumbai
2901,2822.0,4.0,2,24290969,Chennai
2902,3392.0,2.0,1,23786064,Vijayawada
2903,2297.0,3.0,4,20377804,Vijayawada
2904,4062.0,3.0,2,23167737,Mumbai
2905,4663.0,1.0,1,8856089,Vijayawada
2906,2124.0,,1,6219902,Hyderabad
2907,632.0,5.0,4,17879841,Mumbai
2908,4625.0,2.0,1,11706313,Hyderabad
2909,3166.0,4.0,3,24299372,Bangalore
2910,3403.0,5.0,2,5236029,Chennai
2911,4496.0,2.0,2,19123670,Vijayawada
2912,,2.0,3,21038634,Mumbai
2913,1319.0,5.0,4,24185324,Hyderabad
2914,1572.0,2.0,3,20917202,Chennai
2915,4318.0,1.0,3,6740888,Chennai
2916,2807.0,1.0,2,4154589,Vijayawada
2917,,5.0,4,21621397,Chennai
2918,3630.0,4.0,1,9132034,Vijayawada
2919,4175.0,1.0,3,23565426,Bangalore
2920,3716.0,1.0,3,3327916,Vijayawada
2921,3885.0,5.0,4,2214564,Hyderabad
2922,1243.0,3.0,3,9194379,Chennai
2923,794.0,2.0,4,11991464,Chennai
2924,4596.0,1.0,1,11070032,Chennai
2925,1088.0,3.0,4,4834055,Vijayawada
2926,2804.0,4.0,1,19439324,Mumbai
2927,3257.0,3.0,4,1924452,Vijayawada
2928,3876.0,5.0,3,24635452,Hyderabad
2929,1702.0,4.0,1,21293205,Vijayawada
2930,1841.0,4.0,3,6943157,Chennai
2931,1115.0,3.0,1,17473595,Bangalore
2932,992.0,5.0,4,9157509,Hyderabad
2933,1230.0,1.0,4,10571245,Bangalore
2934,4316.0,3.0,4,7400173,Hyderabad
2935,2447.0,1.0,2,8480330,Hyderabad
2936,3255.0,3.0,2,5947434,Chennai
2937,1579.0,1.0,1,20612776,Vijayawada
2938,4002.0,3.0,2,11685151,Chennai
2939,4471.0,4.0,4,6773724,Chennai
2940,877.0,2.0,2,18653861,Chennai
2941,,4.0,2,13911968,Bangalore
2942,2152.0,1.0,3,18710127,Hyderabad
2943,3870.0,5.0,1,17836115,Mumbai
2944,,4.0,1,24611182,Vijayawada
2945,4112.0,2.0,1,2980929,Chennai
2946,625.0,1.0,2,21536048,Hyderabad
2947,1060.0,4.0,4,7744994,Vijayawada
2948,4364.0,3.0,3,3277346,Mumbai
2949,4031.0,5.0,1,22249008,Mumbai
2950,4083.0,1.0,2,22115094,Chennai
2951,2594.0,4.0,4,17221852,Mumbai
2952,1090.0,1.0,3,7088592,Mumbai
2953,1672.0,3.0,3,5069829,Vijayawada
2954,3773.0,2.0,1,8905246,Vijayawada
2955,815.0,4.0,1,21368416,Chennai
2956,2323.0,1.0,4,5214886,Hyderabad
2957,2192.0,1.0,2,21157945,Chennai
2958,3206.0,1.0,4,23568206,Bangalore
2959,758.0,2.0,1,11833030,Mumbai
2960,3913.0,1.0,4,13557874,Hyderabad
2961,3441.0,5.0,2,14743443,Vijayawada
2962,2376.0,5.0,3,5834965,Bangalore
2963,2652.0,1.0,3,20392445,Bangalore
2964,2895.0,5.0,3,8642762,Mumbai
2965,,4.0,3,17707628,Vijayawada
2966,3593.0,5.0,1,15539641,Hyderabad
2967,3069.0,1.0,1,4390632,Vijayawada
2968,2546.0,3.0,2,11221896,Mumbai
2969,,4.0,2,21366891,Bangalore
2970,3383.0,2.0,2,4007913,Mumbai
2971,4244.0,1.0,2,5646181,Chennai
2972,,2.0,4,9983057,Bangalore
2973,4245.0,3.0,2,8360961,Mumbai
2974,3245.0,2.0,3,5688851,Hyderabad
2975,2949.0,1.0,3,17751688,Hyderabad
2976,2532.0,1.0,3,5859122,Hyderabad
2977,3894.0,,4,15009125,Chennai
2978,2357.0,1.0,2,17356513,Vijayawada
2979,1716.0,3.0,3,17516142,Hyderabad
2980,3167.0,3.0,3,5808368,Chennai
2981,4099.0,1.0,3,5443183,Hyderabad
2982,1092.0,5.0,3,23091195,Chennai
2983,,3.0,1,21058484,Hyderabad
2984,1219.0,1.0,2,24500775,Vijayawada
2985,3832.0,5.0,2,7452521,Mumbai
2986,4423.0,3.0,4,12952553,Hyderabad
2987,2980.0,,1,17155665,Mumbai
2988,2146.0,4.0,4,6921211,Hyderabad
2989,4163.0,4.0,3,24194295,Vijayawada
2990,2205.0,5.0,4,19431488,Mumbai
2991,4352.0,3.0,3,1773591,Chennai
2992,2490.0,1.0,3,23638050,Hyderabad
2993,1875.0,2.0,2,3683721,Hyderabad
2994,3343.0,1.0,2,1737963,Chennai
2995,3093.0,2.0,2,22305270,Vijayawada
2996,956.0,2.0,2,8485012,Bangalore
2997,1469.0,3.0,2,12925633,Hyderabad
2998,1485.0,5.0,1,23221897,Chennai
2999,,1.0,2,6766440,Bangalore
3000,1883.0,5.0,4,20115258,Hyderabad
3001,1219.0,4.0,3,16311305,Mumbai
3002,1482.0,3.0,2,15748225,Chennai
3003,1396.0,3.0,1,13561863,Mumbai
3004,4242.0,4.0,4,12464464,Vijayawada
3005,4025.0,1.0,4,7059011,Bangalore
3006,1896.0,4.0,3,7257662,Chennai
3007,844.0,1.0,4,3265040,Hyderabad
3008,3495.0,2.0,4,3880232,Hyderabad
3009,1529.0,3.0,4,10770573,Bangalore
3010,1119.0,1.0,4,12350173,Mumbai
3011,3812.0,5.0,1,2345377,Mumbai
3012,3009.0,5.0,3,15399012,Chennai
3013,607.0,3.0,2,11642842,Chennai
3014,3125.0,4.0,4,2105109,Mumbai
3015,4023.0,4.0,1,18424431,Chennai
3016,2619.0,1.0,3,12821936,Mumbai
3017,4882.0,4.0,2,11256659,Bangalore
3018,4267.0,3.0,3,14699751,Chennai
3019,4271.0,1.0,1,18078887,Mumbai
3020,,2.0,1,13105855,Chennai
3021,685.0,4.0,1,8990282,Hyderabad
3022,3715.0,4.0,4,20466894,Hyderabad
3023,4832.0,1.0,1,12716977,Vijayawada
3024,3068.0,5.0,2,3788421,Mumbai
3025,4219.0,4.0,4,2021291,Vijayawada
3026,2236.0,3.0,3,1798510,Mumbai
3027,4183.0,4.0,2,6140475,Chennai
3028,,2.0,4,1599830,Mumbai
3029,3926.0,4.0,1,14844485,Hyderabad
3030,2818.0,5.0,3,11954961,Chennai
3031,2817.0,4.0,1,24348439,Hyderabad
3032,2969.0,1.0,2,17574206,Chennai
3033,4238.0,4.0,2,15044712,Mumbai
3034,3103.0,5.0,4,21183591,Mumbai
3035,1543.0,1.0,2,2819021,Hyderabad
3036,3437.0,3.0,3,23646962,Bangalore
3037,3260.0,1.0,4,19429415,Mumbai
3038,3536.0,2.0,3,20866113,Bangalore
3039,4547.0,1.0,1,14644094,Chennai
3040,2276.0,3.0,3,23438274,Bangalore
3041,1796.0,4.0,3,19872380,Hyderabad
3042,,1.0,2,18919529,Vijayawada
3043,3387.0,1.0,1,10311309,Vijayawada
3044,2061.0,1.0,2,13941373,Hyderabad
3045,3918.0,1.0,1,13074621,Vijayawada
3046,1266.0,3.0,1,17950555,Hyderabad
3047,2776.0,5.0,3,6860593,Mumbai
3048,4343.0,5.0,2,4170111,Bangalore
3049,1200.0,1.0,3,3977512,Vijayawada
3050,3252.0,3.0,3,22229646,Mumbai
3051,4424.0,3.0,3,21018526,Vijayawada
3052,4506.0,1.0,1,6870777,Chennai
3053,1579.0,2.0,2,21144182,Hyderabad
3054,3051.0,1.0,2,12745002,Hyderabad
3055,1228.0,2.0,3,3407273,Mumbai
3056,2229.0,,1,16191235,Chennai
3057,4296.0,2.0,2,13507035,Bangalore
3058,4030.0,2.0,4,14531293,Chennai
3059,4274.0,1.0,2,12035708,Chennai
3060,4529.0,2.0,3,12544773,Bangalore
3061,3365.0,4.0,4,7149396,Bangalore
3062,4969.0,5.0,1,10800940,Chennai
3063,715.0,3.0,4,3681752,Vijayawada
3064,2603.0,2.0,4,18412729,Vijayawada
3065,1292.0,2.0,3,9999923,Chennai
3066,3762.0,3.0,2,5582564,Vijayawada
3067,1705.0,2.0,1,6238707,Bangalore
3068,,3.0,4,13658029,Bangalore
3069,2761.0,1.0,3,24131788,Vijayawada
3070,753.0,4.0,2,17663853,Bangalore
3071,4299.0,4.0,4,5387239,Hyderabad
3072,4386.0,5.0,3,18946191,Bangalore
3073,1664.0,2.0,3,11572142,Chennai
3074,4800.0,5.0,3,12028498,Mumbai
3075,2513.0,1.0,1,24286752,Vijayawada
3076,1816.0,4.0,2,1632053,Vijayawada
3077,3001.0,1.0,4,6932561,Bangalore
3078,2372.0,1.0,2,22431303,Bangalore
3079,2560.0,2.0,2,16523874,Mumbai
3080,3380.0,1.0,4,11807967,Mumbai
3081,3471.0,4.0,2,24446166,Chennai
3082,1260.0,,1,7227961,Hyderabad
3083,3235.0,4.0,4,16691865,Chennai
3084,2929.0,2.0,4,18287944,Vijayawada
3085,4554.0,4.0,3,6586588,Bangalore
3086,3050.0,3.0,2,24390439,Chennai
3087,1732.0,5.0,4,12103376,Bangalore
3088,,3.0,4,20592790,Bangalore
3089,2638.0,3.0,1,4419798,Chennai
3090,2779.0,2.0,3,10927575,Chennai
3091,,1.0,4,4339593,Mumbai
3092,1473.0,3.0,1,6549144,Hyderabad
3093,683.0,,4,12282007,Mumbai
3094,,1.0,4,23745973,Hyderabad
3095,3275.0,4.0,4,2561999,Chennai
3096,3780.0,4.0,1,21072533,Hyderabad
3097,4916.0,1.0,2,5691533,Vijayawada
3098,4575.0,1.0,4,5434147,Mumbai
3099,1991.0,4.0,4,9951587,Mumbai
3100,3818.0,2.0,2,24344125,Mumbai
3101,4807.0,5.0,4,24652577,Bangalore
3102,1214.0,5.0,3,15814716,Bangalore
3103,3571.0,2.0,4,11014154,Chennai
3104,4165.0,1.0,3,20438173,Chennai
3105,4176.0,4.0,2,22591299,Bangalore
3106,870.0,5.0,1,3021876,Mumbai
3107,4666.0,4.0,2,6104156,Bangalore
3108,3068.0,2.0,4,24152116,Hyderabad
3109,1990.0,4.0,3,16669027,Mumbai
3110,3954.0,2.0,1,6426528,Bangalore
3111,4735.0,1.0,4,1896605,Chennai
3112,,2.0,1,23638201,Bangalore
3113,3183.0,2.0,1,8964567,Vijayawada
3114,4673.0,5.0,4,17500242,Bangalore
3115,3675.0,4.0,2,11529953,Mumbai
3116,4506.0,5.0,4,6293480,Bangalore
3117,889.0,3.0,4,14683222,Chennai
3118,3080.0,2.0,2,22014860,Hyderabad
3119,3852.0,3.0,3,18210511,Vijayawada
3120,878.0,5.0,4,17396239,Mumbai
3121,3524.0,4.0,1,9434968,Chennai
3122,1180.0,5.0,4,14775944,Vijayawada
3123,853.0,4.0,4,9606954,Bangalore
3124,4876.0,4.0,1,6219704,Vijayawada
3125,1424.0,1.0,2,10379100,Hyderabad
3126,4432.0,2.0,3,17710873,Vijayawada
3127,1299.0,5.0,3,13869123,Vijayawada
3128,1980.0,4.0,1,5769865,Bangalore
3129,4496.0,5.0,2,17393794,Bangalore
3130,2273.0,5.0,4,6336773,Mumbai
3131,3327.0,4.0,4,6279074,Bangalore
3132,3756.0,3.0,4,15734874,Vijayawada
3133,3988.0,2.0,4,14992322,Hyderabad
3134,4907.0,,4,19267271,Bangalore
3135,983.0,1.0,1,14416302,Mumbai
3136,941.0,1.0,4,16308722,Mumbai
3137,2587.0,1.0,4,10433863,Vijayawada
3138,4659.0,2.0,2,17185008,Bangalore
3139,3709.0,3.0,4,17515040,Bangalore
3140,4682.0,2.0,3,12699468,Mumbai
3141,3398.0,2.0,1,13976892,Bangalore
3142,3840.0,2.0,1,8706009,Vijayawada
3143,2588.0,2.0,1,7479212,Hyderabad
3144,4014.0,3.0,3,22165655,Vijayawada
3145,,1.0,4,24387260,Bangalore
3146,905.0,5.0,1,10627593,Vijayawada
3147,4213.0,1.0,3,7775589,Chennai
3148,3349.0,1.0,2,22947876,Chennai
3149,1735.0,5.0,4,21818666,Bangalore
3150,805.0,2.0,3,7889576,Bangalore
3151,4050.0,3.0,4,24196165,Hyderabad
3152,4411.0,3.0,2,4311047,Vijayawada
3153,4222.0,,3,17535624,Hyderabad
3154,4199.0,5.0,4,23765608,Bangalore
3155,3151.0,4.0,3,14142233,Bangalore
3156,4908.0,2.0,1,17463495,Mumbai
3157,909.0,1.0,4,2736236,Hyderabad
3158,3308.0,3.0,3,5304178,Bangalore
3159,2591.0,5.0,1,11258559,Chennai
3160,871.0,5.0,2,11745168,Mumbai
3161,4242.0,1.0,4,5920047,Vijayawada
3162,4686.0,4.0,4,21634243,Mumbai
3163,2422.0,3.0,2,8814257,Vijayawada
3164,3873.0,1.0,1,13985581,Chennai
3165,4949.0,4.0,2,13318141,Vijayawada
3166,1120.0,5.0,4,9012129,Hyderabad
3167,1576.0,2.0,3,14482220,Vijayawada
3168,4322.0,,1,20278970,Vijayawada
3169,4151.0,3.0,1,4253082,Mumbai
3170,4705.0,4.0,1,12915348,Chennai
3171,3373.0,1.0,2,17032339,Vijayawada
3172,3152.0,5.0,2,5099696,Hyderabad
3173,3432.0,4.0,3,21754366,Mumbai
3174,4507.0,2.0,3,20244061,Chennai
3175,752.0,2.0,1,19976435,Chennai
3176,3564.0,2.0,3,19564132,Bangalore
3177,3516.0,4.0,2,23806438,Hyderabad
3178,3400.0,5.0,3,9949809,Mumbai
3179,2352.0,3.0,2,24904087,Mumbai
3180,3210.0,1.0,3,24781482,Hyderabad
3181,4475.0,3.0,4,3513279,Chennai
3182,1704.0,5.0,2,15536081,Vijayawada
3183,3136.0,3.0,4,10623801,Hyderabad
3184,4799.0,4.0,2,21276027,Mumbai
3185,4454.0,2.0,3,23620449,Hyderabad
3186,,5.0,4,5419059,Chennai
3187,2514.0,5.0,3,23914975,Bangalore
3188,3672.0,3.0,2,18447532,Bangalore
3189,1606.0,4.0,4,17155959,Vijayawada
3190,1006.0,3.0,1,2363996,Vijayawada
3191,766.0,3.0,3,15085775,Chennai
3192,1108.0,5.0,2,11083333,Vijayawada
3193,2261.0,3.0,4,12698969,Bangalore
3194,4264.0,2.0,3,15413263,Chennai
3195,4089.0,3.0,4,12446422,Chennai
3196,1280.0,2.0,3,6514236,Chennai
3197,,5.0,3,22792579,Hyderabad
3198,2720.0,4.0,3,21329249,Vijayawada
3199,4957.0,2.0,4,9834206,Mumbai
3200,1963.0,4.0,4,6583496,Bangalore
3201,1931.0,4.0,3,10177649,Vijayawada
3202,2892.0,2.0,1,22048871,Bangalore
3203,2138.0,5.0,1,21534062,Vijayawada
3204,4008.0,1.0,1,7062344,Mumbai
3205,1160.0,4.0,2,5373680,Bangalore
3206,1699.0,4.0,1,6549025,Mumbai
3207,,5.0,4,4153381,Bangalore
3208,774.0,5.0,1,8546492,Hyderabad
3209,2756.0,3.0,4,14228218,Hyderabad
3210,2830.0,5.0,2,20679537,Bangalore
3211,4887.0,,4,10429343,Bangalore
3212,4760.0,2.0,4,7283881,Mumbai
3213,4520.0,1.0,4,8706757,Chennai
3214,2097.0,3.0,1,9631322,Bangalore
3215,4454.0,2.0,3,4303627,Vijayawada
3216,3771.0,1.0,4,6696816,Vijayawada
3217,,1.0,1,18337050,Vijayawada
3218,1751.0,1.0,1,24126444,Hyderabad
3219,968.0,2.0,1,8713499,Mumbai
3220,642.0,3.0,3,24980745,Hyderabad
3221,2507.0,3.0,3,9730362,Vijayawada
3222,4090.0,1.0,3,9762900,Bangalore
3223,3135.0,2.0,3,7195265,Vijayawada
3224,,1.0,2,11089334,Bangalore
3225,3473.0,5.0,3,21161669,Mumbai
3226,2424.0,3.0,3,3768299,Chennai
3227,1893.0,4.0,3,2642252,Bangalore
3228,3986.0,1.0,4,24048043,Hyderabad
3229,3572.0,5.0,4,21852530,Vijayawada
3230,4522.0,,3,19170536,Vijayawada
3231,1592.0,2.0,2,9422505,Vijayawada
3232,2986.0,3.0,4,22064368,Bangalore
3233,2840.0,2.0,1,20847505,Mumbai
3234,2076.0,2.0,4,17403463,Bangalore
3235,4007.0,1.0,1,18268424,Hyderabad
3236,989.0,1.0,4,20510571,Vijayawada
3237,1599.0,,3,17361070,Bangalore
3238,2455.0,5.0,4,12601198,Vijayawada
3239,1258.0,3.0,3,2999163,Hyderabad
3240,3363.0,4.0,3,8725206,Chennai
3241,4263.0,2.0,4,5473369,Chennai
3242,2081.0,2.0,1,14388043,Chennai
3243,4331.0,1.0,1,6326616,Vijayawada
3244,1051.0,5.0,4,4106894,Bangalore
3245,3075.0,1.0,3,10455216,Vijayawada
3246,3822.0,4.0,1,22744965,Mumbai
3247,2137.0,3.0,2,20580491,Bangalore
3248,,3.0,3,14306322,Hyderabad
3249,1482.0,5.0,4,20500928,Chennai
3250,4668.0,1.0,3,20265268,Bangalore
3251,3166.0,1.0,2,20686969,Bangalore
3252,3877.0,4.0,2,18914893,Chennai
3253,974.0,3.0,1,20640704,Hyderabad
3254,4297.0,1.0,2,2302560,Vijayawada
3255,3662.0,5.0,3,12008596,Vijayawada
3256,3850.0,3.0,1,15418469,Bangalore
3257,712.0,4.0,2,6335620,Chennai
3258,3797.0,5.0,1,15416410,Mumbai
3259,2978.0,2.0,1,18646841,Hyderabad
3260,2524.0,4.0,4,2703880,Vijayawada
3261,739.0,5.0,1,21611282,Hyderabad
3262,2024.0,1.0,1,17757710,Hyderabad
3263,3549.0,2.0,2,17683052,Hyderabad
3264,3768.0,4.0,3,7424555,Chennai
3265,1116.0,1.0,3,18549412,Chennai
3266,3216.0,2.0,2,3354529,Chennai
3267,1487.0,3.0,3,15856282,Bangalore
3268,3704.0,1.0,1,12199587,Chennai
3269,649.0,5.0,4,17560474,Bangalore
3270,4551.0,4.0,1,12545594,Vijayawada
3271,4160.0,2.0,1,6429009,Vijayawada
3272,,1.0,4,1657044,Vijayawada
3273,2073.0,3.0,2,24149097,Vijayawada
3274,4661.0,4.0,1,13289964,Vijayawada
3275,3206.0,4.0,1,10884171,Chennai
3276,1051.0,1.0,2,5627617,Mumbai
3277,4365.0,3.0,1,9466937,Chennai
3278,,2.0,1,21444974,Mumbai
3279,4910.0,1.0,3,3506456,Chennai
3280,2149.0,2.0,2,4735559,Vijayawada
3281,4074.0,4.0,1,24646072,Hyderabad
3282,727.0,,1,20352814,Mumbai
3283,3361.0,3.0,4,9835948,Hyderabad
3284,,5.0,4,12265959,Vijayawada
3285,801.0,3.0,4,22963956,Mumbai
3286,2969.0,2.0,1,4540149,Hyderabad
3287,1117.0,1.0,1,23898764,Chennai
3288,1941.0,4.0,4,23440081,Vijayawada
3289,2588.0,5.0,3,18051325,Chennai
3290,,1.0,3,16397853,Chennai
3291,4402.0,1.0,3,15707660,Vijayawada
3292,3875.0,3.0,3,15122818,Mumbai
3293,4254.0,2.0,2,14159409,Bangalore
3294,3034.0,3.0,4,18452964,Bangalore
3295,807.0,2.0,1,10242392,Vijayawada
3296,3233.0,3.0,4,22681637,Bangalore
3297,4717.0,1.0,3,2555677,Hyderabad
3298,753.0,4.0,1,3921791,Mumbai
3299,3966.0,2.0,2,5043687,Chennai
3300,4914.0,5.0,4,5308102,Chennai
3301,2118.0,5.0,1,21983412,Vijayawada
3302,3200.0,1.0,1,24363505,Chennai
3303,2795.0,3.0,3,12176366,Hyderabad
3304,4154.0,3.0,3,15718985,Hyderabad
3305,3014.0,1.0,4,13807865,Vijayawada
3306,3449.0,5.0,2,5342996,Chennai
3307,2342.0,5.0,1,15502207,Bangalore
3308,,3.0,3,17017414,Bangalore
3309,4449.0,2.0,4,11862907,Mumbai
3310,4768.0,4.0,3,17366875,Vijayawada
3311,4795.0,2.0,4,13167878,Mumbai
3312,3155.0,5.0,3,8817994,Bangalore
3313,2905.0,2.0,2,1909759,Bangalore
3314,1688.0,,1,7941804,Bangalore
3315,3242.0,2.0,3,14775153,Mumbai
3316,1777.0,2.0,1,21764038,Vijayawada
3317,3594.0,2.0,4,9896357,Hyderabad
3318,1159.0,2.0,2,16990678,Hyderabad
3319,3564.0,1.0,1,20713962,Bangalore
3320,1871.0,5.0,3,13639167,Vijayawada
3321,2413.0,4.0,1,11557959,Vijayawada
3322,3515.0,5.0,1,14312128,Chennai
3323,1209.0,1.0,4,6108903,Chennai
3324,3061.0,1.0,2,18917762,Mumbai
3325,4720.0,1.0,2,13715108,Chennai
3326,883.0,1.0,1,10950365,Mumbai
3327,3528.0,2.0,1,8884930,Hyderabad
3328,4996.0,5.0,4,13824173,Bangalore
3329,1691.0,3.0,1,8281076,Vijayawada
3330,1416.0,4.0,4,8064462,Hyderabad
3331,682.0,1.0,2,15317239,Hyderabad
3332,2520.0,5.0,2,14373744,Mumbai
3333,4091.0,1.0,4,24092401,Bangalore
3334,3744.0,1.0,1,2823659,Mumbai
3335,2693.0,1.0,2,23483491,Hyderabad
3336,775.0,1.0,3,3963448,Vijayawada
3337,3304.0,1.0,4,16481793,Chennai
3338,969.0,4.0,2,22849979,Mumbai
3339,2418.0,,2,17333087,Hyderabad
3340,2701.0,1.0,2,21662378,Chennai
3341,4090.0,1.0,3,10912812,Chennai
3342,2379.0,1.0,3,3838299,Hyderabad
3343,1964.0,1.0,3,19481129,Bangalore
3344,3942.0,2.0,1,12240503,Hyderabad
3345,4276.0,2.0,4,16883616,Vijayawada
3346,,3.0,1,15815516,Chennai
3347,672.0,1.0,3,13539284,Vijayawada
3348,,3.0,4,7102459,Mumbai
3349,1459.0,4.0,1,9897905,Chennai
3350,4456.0,3.0,1,21289633,Bangalore
3351,,5.0,1,24758178,Hyderabad
3352,3024.0,2.0,3,20308045,Mumbai
3353,1664.0,2.0,2,14737854,Vijayawada
3354,2817.0,1.0,4,2738831,Mumbai
3355,4617.0,1.0,3,8004514,Bangalore
3356,2859.0,4.0,4,9749152,Hyderabad
3357,4351.0,4.0,3,20119869,Mumbai
3358,2686.0,5.0,1,14780045,Vijayawada
3359,968.0,1.0,1,14123605,Mumbai
3360,3404.0,,2,24402975,Hyderabad
3361,750.0,4.0,2,1919794,Mumbai
3362,1734.0,4.0,4,20968358,Vijayawada
3363,3384.0,4.0,2,15932996,Hyderabad
3364,4764.0,2.0,2,24325905,Bangalore
3365,2946.0,3.0,4,6152328,Bangalore
3366,2850.0,3.0,3,2020436,Chennai
3367,660.0,1.0,2,20368742,Mumbai
3368,3610.0,2.0,3,7132392,Vijayawada
3369,4501.0,4.0,1,12543587,Mumbai
3370,1937.0,1.0,2,5296568,Hyderabad
3371,1784.0,2.0,1,16468453,Chennai
3372,2151.0,5.0,1,4536753,Vijayawada
3373,2229.0,2.0,3,11666247,Mumbai
3374,1927.0,1.0,4,17033588,Vijayawada
3375,2126.0,3.0,2,24940270,Hyderabad
3376,2273.0,4.0,3,14240791,Chennai
3377,1961.0,5.0,4,2200662,Vijayawada
3378,2173.0,2.0,1,2163399,Hyderabad
3379,3286.0,1.0,2,6204250,Bangalore
3380,4970.0,1.0,1,7052451,Vijayawada
3381,2966.0,4.0,1,17942049,Chennai
3382,4357.0,1.0,2,2776828,Vijayawada
3383,3034.0,1.0,4,13413281,Vijayawada
3384,2593.0,4.0,4,22441729,Hyderabad
3385,1469.0,5.0,2,3445853,Mumbai
3386,1614.0,3.0,2,20954069,Mumbai
3387,2511.0,3.0,3,2090246,Vijayawada
3388,1202.0,2.0,3,16206661,Chennai
3389,4421.0,5.0,1,13374001,Chennai
3390,1290.0,2.0,2,14701443,Hyderabad
3391,1093.0,3.0,4,3327346,Vijayawada
3392,1089.0,4.0,1,24637580,Vijayawada
3393,3156.0,1.0,1,24519219,Mumbai
3394,894.0,3.0,1,18594548,Hyderabad
3395,4627.0,5.0,1,16476918,Bangalore
3396,3443.0,3.0,4,5916728,Chennai
3397,3512.0,5.0,1,13503038,Chennai
3398,2317.0,5.0,2,4155687,Vijayawada
3399,3196.0,5.0,3,24332936,Hyderabad
3400,2473.0,2.0,4,23197563,Bangalore
3401,3858.0,4.0,2,19575199,Chennai
3402,3417.0,3.0,2,1767587,Hyderabad
3403,1044.0,4.0,2,23388222,Bangalore
3404,4241.0,1.0,3,5301167,Vijayawada
3405,1341.0,3.0,3,6577554,Mumbai
3406,2641.0,4.0,3,23951657,Chennai
3407,1279.0,4.0,2,19469765,Chennai
3408,3067.0,1.0,3,22670351,Bangalore
3409,4297.0,5.0,1,16914728,Mumbai
3410,1958.0,,3,10037187,Hyderabad
3411,662.0,3.0,4,23255890,Vijayawada
3412,3159.0,1.0,2,14426841,Hyderabad
3413,4369.0,5.0,2,4903154,Bangalore
3414,4951.0,3.0,1,22769055,Chennai
3415,734.0,3.0,3,5204187,Chennai
3416,4244.0,3.0,3,23965042,Hyderabad
3417,2735.0,5.0,4,23372971,Vijayawada
3418,3878.0,1.0,1,6608364,Bangalore
3419,1422.0,3.0,4,3445112,Vijayawada
3420,3674.0,4.0,4,14604731,Bangalore
3421,,5.0,2,3839326,Vijayawada
3422,720.0,,2,9056484,Hyderabad
3423,2237.0,,3,24816560,Mumbai
3424,1524.0,4.0,3,14694350,Bangalore
3425,1244.0,3.0,4,22481478,Hyderabad
3426,2632.0,2.0,3,2635736,Chennai
3427,3361.0,1.0,4,11739109,Chennai
3428,2668.0,5.0,3,12224722,Vijayawada
3429,841.0,2.0,3,24996376,Chennai
3430,3268.0,2.0,2,3365501,Mumbai
3431,1402.0,4.0,2,17864473,Bangalore
3432,4764.0,1.0,2,20512516,Vijayawada
3433,795.0,4.0,2,14735072,Bangalore
3434,2787.0,4.0,1,7751565,Bangalore
3435,4115.0,3.0,2,1541410,Hyderabad
3436,2930.0,5.0,1,20080353,Chennai
3437,2959.0,2.0,2,15579031,Bangalore
3438,4206.0,1.0,3,10769988,Mumbai
3439,,,4,5922747,Mumbai
3440,660.0,5.0,3,9225792,Chennai
3441,3990.0,1.0,3,6658198,Chennai
3442,2513.0,5.0,1,6133572,Vijayawada
3443,4527.0,3.0,2,7572479,Vijayawada
3444,3191.0,5.0,4,20822171,Vijayawada
3445,1166.0,3.0,4,6542028,Chennai
3446,4535.0,2.0,2,9849650,Bangalore
3447,2171.0,2.0,1,22809083,Hyderabad
3448,1800.0,4.0,1,11634683,Vijayawada
3449,3454.0,3.0,1,7408947,Hyderabad
3450,3495.0,2.0,4,22353588,Mumbai
3451,1836.0,5.0,1,16688429,Chennai
3452,736.0,1.0,1,17179604,Mumbai
3453,1629.0,1.0,4,7633401,Vijayawada
3454,2756.0,3.0,4,8178134,Bangalore
3455,,4.0,3,4807408,Vijayawada
3456,1261.0,5.0,4,2389297,Hyderabad
3457,3072.0,3.0,2,17615462,Vijayawada
3458,3277.0,1.0,4,13343767,Bangalore
3459,2908.0,3.0,4,14566175,Bangalore
3460,686.0,5.0,1,2057715,Chennai
3461,3112.0,2.0,3,11456517,Chennai
3462,3542.0,5.0,1,24203851,Bangalore
3463,3373.0,2.0,3,21290649,Bangalore
3464,3104.0,2.0,1,13913430,Hyderabad
3465,3910.0,2.0,2,17979002,Vijayawada
3466,2300.0,3.0,1,20130194,Chennai
3467,4270.0,1.0,1,15725994,Hyderabad
3468,3300.0,3.0,2,23510511,Vijayawada
3469,4229.0,1.0,2,10901594,Chennai
3470,2247.0,5.0,4,24456866,Hyderabad
3471,3918.0,4.0,1,14317537,Mumbai
3472,4287.0,5.0,2,9999557,Mumbai
3473,1196.0,3.0,2,2675471,Chennai
3474,1084.0,3.0,4,24858131,Hyderabad
3475,1245.0,1.0,3,24295671,Vijayawada
3476,3689.0,3.0,2,14166716,Vijayawada
3477,4984.0,2.0,2,3279182,Hyderabad
3478,1320.0,3.0,1,7570893,Mumbai
3479,1098.0,1.0,4,6395201,Hyderabad
3480,2273.0,1.0,1,3594035,Mumbai
3481,3667.0,2.0,3,6167217,Mumbai
3482,714.0,1.0,4,14704557,Vijayawada
3483,3579.0,4.0,1,16072271,Chennai
3484,2336.0,5.0,2,8997674,Bangalore
3485,4211.0,3.0,2,23650618,Hyderabad
3486,2853.0,4.0,4,13339510,Mumbai
3487,2894.0,3.0,2,12834437,Hyderabad
3488,4230.0,4.0,1,4307979,Chennai
3489,746.0,3.0,4,6993570,Chennai
3490,4582.0,2.0,2,2059421,Bangalore
3491,4053.0,1.0,2,17962731,Bangalore
3492,3010.0,1.0,3,16748350,Mumbai
3493,736.0,2.0,3,19474102,Bangalore
3494,3960.0,4.0,4,17690120,Mumbai
3495,3605.0,5.0,3,17606387,Vijayawada
3496,4152.0,4.0,1,21471189,Mumbai
3497,618.0,1.0,2,17514341,Bangalore
3498,2842.0,5.0,2,2881194,Hyderabad
3499,1048.0,3.0,2,20602178,Bangalore
3500,,5.0,4,6939619,Chennai
3501,1545.0,4.0,4,24306266,Bangalore
3502,,2.0,3,13250921,Vijayawada
3503,2520.0,3.0,2,8905106,Mumbai
3504,3577.0,4.0,2,14763847,Chennai
3505,,3.0,2,16653543,Mumbai
3506,4615.0,5.0,2,17435736,Mumbai
3507,838.0,1.0,2,12923333,Bangalore
3508,804.0,4.0,1,17121714,Hyderabad
3509,3207.0,,2,13565470,Chennai
3510,4940.0,5.0,1,7176448,Vijayawada
3511,3988.0,4.0,2,11221068,Vijayawada
3512,3572.0,2.0,4,15049854,Hyderabad
3513,4990.0,4.0,4,7298164,Hyderabad
3514,3287.0,5.0,1,18865378,Bangalore
3515,4766.0,4.0,2,21520605,Vijayawada
3516,1948.0,3.0,4,9471265,Chennai
3517,1416.0,5.0,4,21089410,Hyderabad
3518,1420.0,4.0,2,6393864,Hyderabad
3519,792.0,1.0,2,14105882,Hyderabad
3520,2376.0,,4,12914159,Chennai
3521,4245.0,3.0,2,7436311,Vijayawada
3522,,2.0,3,18692690,Chennai
3523,2388.0,2.0,2,4703028,Chennai
3524,4300.0,2.0,4,22533435,Bangalore
3525,3063.0,,4,11076700,Hyderabad
3526,1767.0,3.0,1,20973803,Vijayawada
3527,4493.0,5.0,3,3582003,Bangalore
3528,1696.0,2.0,4,13562384,Bangalore
3529,3279.0,3.0,3,10777755,Mumbai
3530,2447.0,4.0,2,11849107,Hyderabad
3531,4504.0,1.0,4,11417877,Vijayawada
3532,1104.0,3.0,1,22366470,Vijayawada
3533,2221.0,3.0,4,2679568,Vijayawada
3534,3072.0,,1,7179226,Hyderabad
3535,,,3,10063561,Vijayawada
3536,1987.0,5.0,1,7329567,Chennai
3537,3594.0,1.0,2,13464003,Chennai
3538,4416.0,1.0,2,4041781,Hyderabad
3539,1317.0,4.0,2,4970150,Vijayawada
3540,4084.0,5.0,4,3186150,Mumbai
3541,1258.0,5.0,2,8738599,Mumbai
3542,4608.0,2.0,2,9530013,Mumbai
3543,4834.0,2.0,4,23223865,Chennai
3544,4364.0,4.0,3,7411319,Mumbai
3545,3589.0,1.0,2,7787399,Vijayawada
3546,2704.0,2.0,2,10813007,Vijayawada
3547,1855.0,3.0,4,23351467,Mumbai
3548,3082.0,1.0,3,17733095,Bangalore
3549,983.0,3.0,3,9229333,Mumbai
3550,3207.0,5.0,3,23401576,Bangalore
3551,793.0,,4,15224418,Hyderabad
3552,4407.0,4.0,1,14180724,Hyderabad
3553,4319.0,5.0,1,22017295,Vijayawada
3554,3181.0,5.0,2,19981070,Chennai
3555,3165.0,3.0,2,23794487,Vijayawada
3556,3363.0,5.0,2,19605539,Vijayawada
3557,3398.0,2.0,1,19427891,Chennai
3558,2939.0,1.0,4,9344286,Vijayawada
3559,4006.0,2.0,2,9626991,Chennai
3560,1331.0,3.0,4,20299817,Vijayawada
3561,3472.0,3.0,2,16448057,Hyderabad
3562,3720.0,1.0,4,15096252,Bangalore
3563,4777.0,5.0,4,4870116,Vijayawada
3564,3204.0,4.0,1,10725354,Bangalore
3565,2982.0,3.0,4,22648316,Mumbai
3566,1131.0,1.0,3,13783372,Vijayawada
3567,4916.0,,1,5524389,Hyderabad
3568,1234.0,5.0,2,20709007,Chennai
3569,2369.0,3.0,1,3960686,Hyderabad
3570,4404.0,1.0,3,13470282,Bangalore
3571,2970.0,1.0,3,15747713,Chennai
3572,602.0,1.0,4,16445531,Hyderabad
3573,805.0,3.0,3,17622301,Hyderabad
3574,4735.0,4.0,3,3417953,Hyderabad
3575,3221.0,1.0,3,8456779,Chennai
3576,3490.0,5.0,3,10856623,Hyderabad
3577,3793.0,1.0,2,19184449,Hyderabad
3578,3266.0,4.0,2,13550992,Bangalore
3579,3906.0,3.0,1,10559405,Hyderabad
3580,1497.0,1.0,4,19407739,Hyderabad
3581,1685.0,1.0,2,16696719,Mumbai
3582,1879.0,5.0,3,7591209,Chennai
3583,1270.0,5.0,4,14075664,Mumbai
3584,,1.0,2,24163020,Bangalore
3585,4175.0,1.0,1,24844303,Mumbai
3586,2555.0,5.0,3,21762472,Vijayawada
3587,,4.0,4,15668931,Chennai
3588,,2.0,2,11210583,Hyderabad
3589,4039.0,2.0,4,10533756,Mumbai
3590,2453.0,1.0,2,21293851,Mumbai
3591,3454.0,5.0,1,16567804,Hyderabad
3592,2103.0,3.0,3,2452602,Hyderabad
3593,3985.0,3.0,1,6963518,Bangalore
3594,4171.0,2.0,3,7276902,Mumbai
3595,4392.0,4.0,3,3898901,Mumbai
3596,4026.0,2.0,4,2672685,Vijayawada
3597,643.0,1.0,2,12180233,Vijayawada
3598,,4.0,1,13983017,Mumbai
3599,3218.0,3.0,1,7307290,Vijayawada
3600,3763.0,5.0,1,20485881,Mumbai
3601,1888.0,,4,17213686,Chennai
3602,3542.0,1.0,4,9925288,Bangalore
3603,819.0,2.0,4,24652124,Vijayawada
3604,2525.0,1.0,3,12036804,Mumbai
3605,3572.0,5.0,1,10902887,Vijayawada
3606,4113.0,3.0,3,2199444,Bangalore
3607,3048.0,5.0,1,12338406,Chennai
3608,4071.0,4.0,1,8337896,Hyderabad
3609,3374.0,5.0,2,18886242,Hyderabad
3610,1590.0,5.0,1,19483309,Vijayawada
3611,3546.0,4.0,4,24252144,Mumbai
3612,2412.0,2.0,4,7207249,Bangalore
3613,1403.0,5.0,4,16574475,Chennai
3614,1089.0,1.0,2,17943949,Chennai
3615,4156.0,5.0,2,16729785,Chennai
3616,2093.0,1.0,3,23515131,Hyderabad
3617,4245.0,4.0,1,6947565,Bangalore
3618,3491.0,5.0,1,1548648,Hyderabad
3619,2305.0,4.0,4,12179922,Vijayawada
3620,4116.0,4.0,4,13262329,Chennai
3621,3940.0,2.0,4,24086497,Bangalore
3622,653.0,5.0,4,17475242,Chennai
3623,3175.0,1.0,4,10778544,Hyderabad
3624,4191.0,1.0,4,24558209,Hyderabad
3625,1215.0,5.0,1,14378118,Hyderabad
3626,1554.0,,2,20708145,Chennai
3627,3033.0,2.0,4,20348012,Bangalore
3628,2229.0,2.0,1,3114468,Bangalore
3629,3381.0,1.0,4,17469841,Vijayawada
3630,1249.0,4.0,3,14000343,Chennai
3631,2947.0,2.0,3,4246455,Vijayawada
3632,3878.0,1.0,1,9642958,Vijayawada
3633,,1.0,2,10913191,Vijayawada
3634,4401.0,4.0,3,24219641,Vijayawada
3635,3161.0,5.0,3,17631534,Hyderabad
3636,,5.0,2,15300192,Vijayawada
3637,970.0,2.0,3,4691963,Bangalore
3638,1457.0,2.0,4,19458512,Vijayawada
3639,983.0,4.0,2,23863453,Hyderabad
3640,4477.0,2.0,3,12493198,Mumbai
3641,3152.0,4.0,2,20855885,Mumbai
3642,4934.0,1.0,4,5369005,Mumbai
3643,4890.0,2.0,3,18092353,Chennai
3644,3325.0,1.0,1,17598974,Bangalore
3645,4634.0,3.0,3,8178213,Hyderabad
3646,3893.0,4.0,3,20800733,Mumbai
3647,4851.0,3.0,4,12930576,Hyderabad
3648,4588.0,2.0,1,21853284,Hyderabad
3649,1522.0,1.0,1,19265710,Chennai
3650,3515.0,2.0,1,4462227,Mumbai
3651,3550.0,3.0,4,12972874,Vijayawada
3652,3646.0,2.0,4,5649956,Hyderabad
3653,1574.0,5.0,4,3712746,Mumbai
3654,1830.0,3.0,4,15106341,Hyderabad
3655,3035.0,2.0,4,4275614,Chennai
3656,2414.0,1.0,1,3333601,Chennai
3657,3534.0,2.0,2,23634526,Vijayawada
3658,1963.0,1.0,4,21810870,Chennai
3659,4540.0,5.0,2,12935221,Mumbai
3660,803.0,2.0,3,4003240,Chennai
3661,760.0,5.0,3,10462990,Vijayawada
3662,1368.0,3.0,4,6347418,Bangalore
3663,4348.0,1.0,3,13971533,Hyderabad
3664,3181.0,3.0,2,17016974,Hyderabad
3665,1693.0,1.0,3,19030739,Mumbai
3666,1207.0,5.0,3,22400460,Vijayawada
3667,2140.0,4.0,2,9375904,Vijayawada
3668,3475.0,2.0,3,8055706,Vijayawada
3669,3791.0,5.0,4,4004037,Hyderabad
3670,2437.0,1.0,2,20887071,Chennai
3671,,1.0,2,10962407,Hyderabad
3672,4359.0,1.0,1,12439642,Hyderabad
3673,3549.0,1.0,1,9294833,Hyderabad
3674,2703.0,2.0,2,4017850,Chennai
3675,965.0,3.0,2,4286655,Bangalore
3676,4175.0,4.0,1,16966041,Mumbai
3677,4799.0,,4,11092496,Bangalore
3678,4772.0,1.0,3,12854356,Bangalore
3679,4925.0,2.0,3,14014863,Hyderabad
3680,2978.0,5.0,3,3648652,Bangalore
3681,1805.0,1.0,2,6544661,Hyderabad
3682,4439.0,4.0,4,23873219,Hyderabad
3683,3335.0,1.0,1,9722819,Mumbai
3684,3947.0,4.0,4,13770292,Vijayawada
3685,2275.0,4.0,4,5918349,Hyderabad
3686,898.0,3.0,3,12690751,Bangalore
3687,1556.0,3.0,1,3267588,Mumbai
3688,1714.0,2.0,4,14265071,Bangalore
3689,3105.0,2.0,1,10099469,Vijayawada
3690,2074.0,4.0,2,4438493,Chennai
3691,4326.0,1.0,3,5984045,Vijayawada
3692,4071.0,5.0,1,19915703,Mumbai
3693,3428.0,5.0,2,16582712,Vijayawada
3694,3450.0,1.0,2,17745549,Vijayawada
3695,3106.0,1.0,2,16114706,Mumbai
3696,4370.0,3.0,4,2378269,Mumbai
3697,3564.0,5.0,4,1549314,Bangalore
3698,1549.0,4.0,3,15101360,Hyderabad
3699,3450.0,2.0,3,24086349,Chennai
3700,765.0,3.0,2,14966793,Chennai
3701,4086.0,5.0,3,13364437,Chennai
3702,3109.0,1.0,4,15568419,Vijayawada
3703,1519.0,5.0,3,13218858,Mumbai
3704,713.0,4.0,1,9033006,Mumbai
3705,4104.0,3.0,4,2929911,Mumbai
3706,,1.0,2,18606113,Hyderabad
3707,4439.0,4.0,2,3894538,Mumbai
3708,1858.0,2.0,3,18645622,Mumbai
3709,4026.0,3.0,4,13288604,Vijayawada
3710,1114.0,4.0,2,12871998,Bangalore
3711,3796.0,4.0,2,3958020,Chennai
3712,3184.0,1.0,4,3086444,Vijayawada
3713,667.0,2.0,4,24551744,Vijayawada
3714,2196.0,4.0,2,5274150,Vijayawada
3715,618.0,3.0,3,6576703,Chennai
3716,3330.0,4.0,3,22043653,Vijayawada
3717,,5.0,3,4192787,Bangalore
3718,1172.0,3.0,1,19399947,Mumbai
3719,2858.0,3.0,4,6440172,Bangalore
3720,3502.0,4.0,2,16586807,Mumbai
3721,1250.0,1.0,1,10003135,Mumbai
3722,3187.0,3.0,3,24798154,Vijayawada
3723,3862.0,5.0,1,4322097,Vijayawada
3724,1938.0,1.0,2,16378575,Chennai
3725,4234.0,1.0,2,20889921,Hyderabad
3726,3427.0,1.0,4,2226272,Bangalore
3727,2817.0,3.0,3,24067153,Chennai
3728,4139.0,1.0,3,23980425,Chennai
3729,1637.0,4.0,1,20583358,Bangalore
3730,4983.0,1.0,3,8862481,Bangalore
3731,4578.0,5.0,1,1639648,Mumbai
3732,3561.0,2.0,2,10327698,Hyderabad
3733,3826.0,,2,19796207,Vijayawada
3734,1698.0,3.0,2,13332825,Hyderabad
3735,2924.0,1.0,2,17346566,Hyderabad
3736,1539.0,1.0,2,6081024,Vijayawada
3737,4316.0,,1,23489462,Hyderabad
3738,4014.0,1.0,2,2355860,Chennai
3739,2048.0,5.0,1,6442312,Chennai
3740,1170.0,3.0,2,5698625,Vijayawada
3741,3504.0,2.0,1,6486512,Vijayawada
3742,,1.0,1,4623544,Bangalore
3743,1517.0,2.0,1,8069719,Bangalore
3744,,1.0,3,5331657,Hyderabad
3745,2278.0,3.0,1,7921534,Hyderabad
3746,1215.0,,1,4291108,Vijayawada
3747,2349.0,3.0,2,18592327,Hyderabad
3748,4425.0,2.0,1,16147709,Mumbai
3749,4788.0,1.0,1,5585572,Chennai
3750,3077.0,2.0,4,22285099,Hyderabad
3751,4105.0,5.0,3,15317990,Hyderabad
3752,4075.0,3.0,4,8848227,Bangalore
3753,1735.0,2.0,2,15082513,Mumbai
3754,,2.0,3,12764745,Hyderabad
3755,974.0,5.0,3,20068986,Chennai
3756,806.0,1.0,4,24606922,Hyderabad
3757,1919.0,2.0,3,2282129,Vijayawada
3758,1741.0,5.0,4,10822188,Mumbai
3759,3290.0,1.0,1,9691187,Hyderabad
3760,3855.0,1.0,4,8359186,Mumbai
3761,689.0,3.0,3,19855472,Hyderabad
3762,4708.0,5.0,3,9348225,Chennai
3763,3620.0,1.0,2,19842690,Chennai
3764,2457.0,3.0,2,15813954,Mumbai
3765,1404.0,4.0,2,21896005,Bangalore
3766,1544.0,5.0,2,16836117,Bangalore
3767,3389.0,4.0,3,2123761,Vijayawada
3768,4475.0,1.0,2,14011661,Bangalore
3769,2210.0,5.0,4,20841743,Mumbai
3770,3523.0,3.0,1,17734016,Bangalore
3771,4482.0,1.0,3,16977848,Vijayawada
3772,3821.0,5.0,2,23130192,Hyderabad
3773,4991.0,5.0,3,4953705,Bangalore
3774,2987.0,4.0,2,7271486,Mumbai
3775,1541.0,,3,13670987,Mumbai
3776,3166.0,3.0,2,3959288,Vijayawada
3777,1575.0,3.0,1,18081075,Vijayawada
3778,1554.0,1.0,2,7949720,Chennai
3779,1862.0,1.0,4,20220065,Chennai
3780,1543.0,2.0,3,2649302,Chennai
3781,2802.0,4.0,3,7880655,Hyderabad
3782,3927.0,1.0,4,18242926,Mumbai
3783,4874.0,1.0,4,3978491,Chennai
3784,2859.0,2.0,1,19307628,Mumbai
3785,2428.0,2.0,3,18445777,Vijayawada
3786,1857.0,5.0,1,21674075,Hyderabad
3787,1064.0,3.0,3,15501139,Vijayawada
3788,3894.0,4.0,3,16089301,Mumbai
3789,1830.0,5.0,1,11831789,Chennai
3790,3254.0,1.0,3,6246865,Vijayawada
3791,1484.0,2.0,3,17931553,Bangalore
3792,4405.0,3.0,1,6248065,Hyderabad
3793,4456.0,5.0,2,18862914,Mumbai
3794,3735.0,3.0,1,17881464,Chennai
3795,1524.0,2.0,3,6101199,Vijayawada
3796,2146.0,5.0,4,22826645,Hyderabad
3797,1694.0,5.0,2,24613982,Chennai
3798,3011.0,3.0,4,22030638,Vijayawada
3799,3217.0,2.0,2,14274667,Mumbai
3800,1362.0,1.0,4,7117789,Bangalore
3801,2923.0,5.0,2,10966617,Bangalore
3802,4745.0,1.0,1,24332461,Mumbai
3803,3375.0,2.0,2,23434044,Hyderabad
3804,3755.0,5.0,2,11651279,Mumbai
3805,4570.0,5.0,2,12650890,Vijayawada
3806,2640.0,1.0,3,20705797,Hyderabad
3807,1183.0,4.0,4,6122791,Bangalore
3808,4931.0,,1,11141647,Vijayawada
3809,2703.0,1.0,4,7640994,Chennai
3810,2542.0,4.0,4,16945057,Chennai
3811,709.0,2.0,1,1523439,Chennai
3812,791.0,2.0,3,11295154,Bangalore
3813,1503.0,5.0,2,12390077,Mumbai
3814,1461.0,3.0,3,14820591,Hyderabad
3815,,3.0,3,19763925,Bangalore
3816,1249.0,5.0,2,22826009,Vijayawada
3817,4734.0,3.0,4,6593659,Vijayawada
3818,4211.0,1.0,2,23341411,Chennai
3819,1236.0,1.0,1,18521577,Hyderabad
3820,1636.0,4.0,2,14818834,Chennai
3821,4731.0,4.0,4,19760204,Vijayawada
3822,2748.0,5.0,3,19183246,Vijayawada
3823,4465.0,,3,17118461,Mumbai
3824,,5.0,2,23345923,Mumbai
3825,4187.0,1.0,1,22920040,Mumbai
3826,3894.0,3.0,4,22967164,Chennai
3827,4861.0,5.0,3,24994287,Hyderabad
3828,3030.0,5.0,2,5457396,Mumbai
3829,2479.0,1.0,1,24006047,Bangalore
3830,,1.0,1,20067022,Mumbai
3831,4313.0,1.0,3,9969178,Chennai
3832,4726.0,3.0,3,17849549,Hyderabad
3833,4706.0,5.0,4,16498645,Mumbai
3834,2611.0,2.0,1,5426427,Hyderabad
3835,3973.0,2.0,4,2452573,Bangalore
3836,2743.0,5.0,1,20054398,Vijayawada
3837,3100.0,5.0,1,18971136,Hyderabad
3838,1889.0,5.0,2,7194166,Mumbai
3839,2047.0,5.0,3,1935643,Chennai
3840,3799.0,3.0,1,21286408,Chennai
3841,2543.0,2.0,4,4575152,Chennai
3842,3783.0,4.0,3,23068560,Chennai
3843,3816.0,2.0,4,9048352,Hyderabad
3844,3736.0,2.0,3,10255055,Chennai
3845,3918.0,1.0,3,6901882,Vijayawada
3846,3382.0,5.0,1,16145720,Bangalore
3847,1590.0,5.0,2,20235519,Hyderabad
3848,2753.0,5.0,1,12730162,Hyderabad
3849,825.0,1.0,3,11314615,Chennai
3850,1376.0,3.0,1,14876632,Chennai
3851,3437.0,3.0,1,21532514,Hyderabad
3852,1287.0,4.0,3,14964891,Chennai
3853,1129.0,3.0,3,14605611,Chennai
3854,4042.0,3.0,1,19931202,Chennai
3855,2753.0,5.0,1,17945518,Chennai
3856,1894.0,2.0,1,14991953,Chennai
3857,2126.0,3.0,4,22604159,Mumbai
3858,3496.0,,1,10460774,Mumbai
3859,3703.0,1.0,4,20423218,Mumbai
3860,3040.0,4.0,2,4515750,Hyderabad
3861,4735.0,1.0,4,13899812,Bangalore
3862,4402.0,5.0,1,17273753,Hyderabad
3863,1444.0,2.0,2,1558791,Mumbai
3864,1046.0,4.0,4,14879028,Hyderabad
3865,4515.0,1.0,4,12864975,Bangalore
3866,3709.0,3.0,3,9709842,Chennai
3867,1834.0,3.0,2,1639118,Vijayawada
3868,826.0,4.0,3,8768516,Mumbai
3869,4743.0,3.0,2,24222262,Mumbai
3870,3559.0,1.0,4,24832170,Bangalore
3871,2430.0,1.0,3,4226217,Chennai
3872,4379.0,3.0,1,24139736,Chennai
3873,786.0,3.0,4,12239924,Vijayawada
3874,3477.0,5.0,2,20747610,Chennai
3875,3135.0,2.0,2,18866568,Bangalore
3876,2532.0,4.0,3,11256512,Chennai
3877,3524.0,1.0,3,9916032,Bangalore
3878,1448.0,4.0,2,8526855,Mumbai
3879,2632.0,5.0,4,5304130,Mumbai
3880,1852.0,1.0,3,8804737,Mumbai
3881,2481.0,5.0,1,5144221,Hyderabad
3882,869.0,5.0,2,14352195,Mumbai
3883,,3.0,1,10161978,Bangalore
3884,3803.0,4.0,2,9207410,Vijayawada
3885,2174.0,4.0,1,22945034,Chennai
3886,3492.0,3.0,4,14428708,Mumbai
3887,2295.0,4.0,2,2540062,Hyderabad
3888,3858.0,3.0,4,6289239,Hyderabad
3889,3862.0,1.0,3,22015849,Bangalore
3890,2045.0,5.0,2,10049495,Vijayawada
3891,819.0,5.0,4,18153946,Mumbai
3892,652.0,4.0,1,23169110,Mumbai
3893,2357.0,2.0,4,15122631,Hyderabad
3894,2266.0,5.0,2,3317820,Bangalore
3895,3385.0,3.0,4,9549412,Hyderabad
3896,1319.0,2.0,1,24969882,Hyderabad
3897,1005.0,2.0,1,5173547,Vijayawada
3898,2894.0,5.0,1,24184799,Bangalore
3899,671.0,5.0,3,10642988,Vijayawada
3900,2653.0,5.0,2,6618037,Bangalore
3901,1829.0,3.0,1,21122030,Mumbai
3902,2167.0,2.0,3,11019308,Chennai
3903,4282.0,4.0,1,12467680,Chennai
3904,,3.0,4,19034974,Bangalore
3905,,1.0,2,17447114,Chennai
3906,1426.0,5.0,4,11975116,Hyderabad
3907,948.0,2.0,3,19204244,Mumbai
3908,4508.0,3.0,4,3328864,Mumbai
3909,907.0,1.0,4,5782378,Chennai
3910,4016.0,3.0,1,11045529,Bangalore
3911,2934.0,3.0,4,3004895,Hyderabad
3912,3409.0,4.0,1,6797083,Bangalore
3913,4158.0,4.0,1,24060299,Chennai
3914,4077.0,3.0,2,5662974,Mumbai
3915,3286.0,1.0,3,9810774,Mumbai
3916,3585.0,2.0,3,21903207,Bangalore
3917,875.0,2.0,3,16558948,Vijayawada
3918,3147.0,5.0,1,3719369,Bangalore
3919,3364.0,5.0,3,22617621,Vijayawada
3920,936.0,,1,14136432,Bangalore
3921,2573.0,3.0,2,7944489,Vijayawada
3922,3579.0,3.0,3,10832947,Vijayawada
3923,,4.0,1,15028141,Vijayawada
3924,1510.0,4.0,3,12797549,Vijayawada
3925,2596.0,5.0,3,14215228,Hyderabad
3926,3729.0,2.0,2,18345168,Vijayawada
3927,4804.0,3.0,4,17276701,Vijayawada
3928,4357.0,2.0,3,14875834,Mumbai
3929,927.0,1.0,2,7259951,Hyderabad
3930,2399.0,2.0,3,22024451,Vijayawada
3931,914.0,1.0,3,13826607,Chennai
3932,4145.0,4.0,3,6767872,Hyderabad
3933,1734.0,4.0,3,7380322,Mumbai
3934,3346.0,5.0,4,14337078,Bangalore
3935,2120.0,2.0,4,20550378,Mumbai
3936,755.0,2.0,3,10850847,Mumbai
3937,2324.0,1.0,3,15759089,Hyderabad
3938,3943.0,4.0,2,17931080,Hyderabad
3939,1486.0,1.0,2,22467851,Chennai
3940,3673.0,,1,18482748,Chennai
3941,3405.0,1.0,4,6344218,Hyderabad
3942,1321.0,4.0,3,24519057,Hyderabad
3943,1512.0,1.0,4,7553572,Hyderabad
3944,3957.0,4.0,2,8506423,Bangalore
3945,,1.0,4,10999036,Mumbai
3946,4708.0,2.0,4,1977563,Chennai
3947,1097.0,5.0,3,10060871,Chennai
3948,2356.0,1.0,3,4522488,Vijayawada
3949,1717.0,5.0,2,22984799,Bangalore
3950,4009.0,2.0,3,18982130,Hyderabad
3951,3428.0,2.0,2,21118215,Hyderabad
3952,2247.0,4.0,2,6010465,Bangalore
3953,3583.0,5.0,1,19776306,Chennai
3954,742.0,3.0,1,22916125,Hyderabad
3955,3361.0,4.0,1,19005882,Vijayawada
3956,4035.0,5.0,4,13509644,Chennai
3957,3031.0,1.0,1,10493526,Mumbai
3958,2448.0,1.0,3,10879583,Bangalore
3959,3296.0,2.0,3,24243667,Chennai
3960,2317.0,3.0,1,22071362,Mumbai
3961,3672.0,1.0,4,6885192,Vijayawada
3962,1667.0,5.0,2,20308388,Bangalore
3963,3386.0,5.0,4,4059909,Hyderabad
3964,4391.0,1.0,4,10601949,Hyderabad
3965,1888.0,5.0,2,19212052,Mumbai
3966,4471.0,5.0,2,16337972,Chennai
3967,2406.0,2.0,2,20650900,Vijayawada
3968,2104.0,3.0,3,8035791,Mumbai
3969,3908.0,2.0,2,10414590,Vijayawada
3970,3551.0,,2,6870607,Vijayawada
3971,671.0,5.0,4,10892789,Vijayawada
3972,2290.0,3.0,4,5520362,Bangalore
3973,1944.0,5.0,1,19849680,Mumbai
3974,3903.0,5.0,4,17540078,Bangalore
3975,3713.0,2.0,2,12548817,Chennai
3976,1482.0,,3,6126940,Chennai
3977,4834.0,4.0,4,15506921,Hyderabad
3978,3262.0,1.0,4,8942917,Hyderabad
3979,2104.0,4.0,2,24082239,Hyderabad
3980,3063.0,4.0,4,17885460,Chennai
3981,3153.0,3.0,4,4169086,Vijayawada
3982,1332.0,5.0,2,21857412,Vijayawada
3983,2348.0,5.0,4,16294011,Mumbai
3984,4524.0,5.0,3,11996670,Chennai
3985,1023.0,1.0,1,4081517,Hyderabad
3986,4078.0,3.0,4,9599542,Chennai
3987,2191.0,3.0,3,16974959,Vijayawada
3988,1092.0,5.0,4,6352033,Vijayawada
3989,,,1,17647237,Bangalore
3990,1098.0,1.0,2,23370248,Bangalore
3991,,4.0,1,17721042,Mumbai
3992,2568.0,2.0,4,5693319,Chennai
3993,4922.0,3.0,1,12273311,Bangalore
3994,2786.0,3.0,1,21589955,Bangalore
3995,1416.0,4.0,2,15067992,Chennai
3996,3820.0,,4,11196337,Vijayawada
3997,2073.0,3.0,1,11356570,Mumbai
3998,1686.0,4.0,1,6290500,Mumbai
3999,4799.0,1.0,2,24693178,Mumbai
4000,2474.0,4.0,3,16464577,Bangalore
4001,1470.0,1.0,4,16220797,Vijayawada
4002,2642.0,5.0,3,20199460,Mumbai
4003,872.0,1.0,3,4359281,Chennai
4004,1629.0,2.0,2,16836013,Mumbai
4005,3818.0,5.0,2,4469137,Hyderabad
4006,4669.0,4.0,4,6433574,Vijayawada
4007,1651.0,5.0,3,11287763,Hyderabad
4008,4633.0,5.0,1,2597584,Vijayawada
4009,2173.0,4.0,3,16051858,Chennai
4010,3790.0,4.0,2,4960762,Bangalore
4011,4988.0,2.0,1,10266011,Bangalore
4012,4397.0,4.0,1,19772382,Vijayawada
4013,,3.0,2,11228732,Mumbai
4014,4347.0,3.0,1,20701735,Hyderabad
4015,2705.0,2.0,3,19305728,Chennai
4016,907.0,1.0,2,14869981,Mumbai
4017,3959.0,1.0,4,8536968,Bangalore
4018,3776.0,3.0,2,16458036,Mumbai
4019,1851.0,4.0,4,16806328,Hyderabad
4020,3347.0,2.0,4,8347946,Bangalore
4021,2117.0,1.0,2,11028595,Vijayawada
4022,1978.0,1.0,2,17882616,Chennai
4023,2561.0,5.0,4,17528263,Chennai
4024,4905.0,3.0,4,16988523,Bangalore
4025,3463.0,4.0,1,4613119,Vijayawada
4026,3256.0,2.0,2,18582272,Hyderabad
4027,3094.0,1.0,2,18783529,Chennai
4028,4605.0,5.0,1,14453283,Bangalore
4029,4163.0,3.0,2,22957294,Chennai
4030,1522.0,3.0,1,5896850,Vijayawada
4031,4832.0,2.0,1,20484026,Hyderabad
4032,,1.0,2,22046116,Vijayawada
4033,783.0,2.0,3,16736561,Mumbai
4034,3958.0,,4,6407227,Vijayawada
4035,1998.0,5.0,2,4440322,Vijayawada
4036,3396.0,3.0,3,10816053,Chennai
4037,1136.0,4.0,1,9996574,Vijayawada
4038,1873.0,3.0,3,23164707,Bangalore
4039,3567.0,3.0,2,10065905,Chennai
4040,3649.0,5.0,2,4289608,Chennai
4041,1696.0,4.0,3,10594514,Mumbai
4042,1905.0,1.0,2,19717193,Bangalore
4043,1515.0,4.0,4,18888000,Vijayawada
4044,3681.0,1.0,3,6379932,Mumbai
4045,4847.0,4.0,1,7483594,Bangalore
4046,1628.0,2.0,3,19037613,Mumbai
4047,2577.0,4.0,3,22581598,Hyderabad
4048,3954.0,5.0,3,18016937,Vijayawada
4049,3111.0,,3,10331700,Mumbai
4050,,3.0,1,4479631,Hyderabad
4051,1786.0,5.0,1,6383143,Vijayawada
4052,4800.0,1.0,1,16308927,Mumbai
4053,,1.0,3,16220542,Mumbai
4054,2998.0,3.0,4,16339638,Mumbai
4055,,2.0,4,19052344,Mumbai
4056,4782.0,5.0,1,13932518,Chennai
4057,2311.0,3.0,4,9115570,Mumbai
4058,2830.0,3.0,4,12650382,Chennai
4059,728.0,2.0,4,10571309,Chennai
4060,1869.0,5.0,4,16438496,Hyderabad
4061,4272.0,3.0,4,6851804,Vijayawada
4062,2201.0,2.0,2,22208428,Chennai
4063,4570.0,5.0,1,9435922,Bangalore
4064,4844.0,4.0,3,9860334,Chennai
4065,1227.0,1.0,4,9522115,Bangalore
4066,,2.0,2,11137364,Hyderabad
4067,2644.0,1.0,3,12850398,Bangalore
4068,4152.0,4.0,2,15060514,Hyderabad
4069,2941.0,3.0,4,12079135,Hyderabad
4070,3814.0,3.0,4,17670563,Hyderabad
4071,849.0,5.0,4,8495844,Bangalore
4072,3525.0,2.0,4,3920056,Bangalore
4073,1574.0,2.0,3,3214185,Hyderabad
4074,,,3,3170411,Hyderabad
4075,1583.0,1.0,2,19631775,Vijayawada
4076,1488.0,3.0,1,13794773,Hyderabad
4077,3537.0,3.0,4,13598297,Mumbai
4078,,2.0,2,16707994,Vijayawada
4079,3272.0,2.0,2,16055330,Vijayawada
4080,,5.0,2,16687930,Vijayawada
4081,,4.0,4,21736849,Mumbai
4082,2587.0,1.0,4,12519670,Vijayawada
4083,690.0,4.0,2,7310041,Vijayawada
4084,1129.0,4.0,4,19037120,Bangalore
4085,4659.0,2.0,2,10984749,Bangalore
4086,3373.0,2.0,3,24183262,Hyderabad
4087,2286.0,2.0,4,12924734,Hyderabad
4088,791.0,4.0,3,4491992,Chennai
4089,2586.0,1.0,1,14699051,Mumbai
4090,4223.0,2.0,4,23181634,Bangalore
4091,2785.0,3.0,1,20205553,Hyderabad
4092,,1.0,2,14210548,Mumbai
4093,,3.0,4,9837388,Vijayawada
4094,4898.0,1.0,4,12401481,Mumbai
4095,4887.0,2.0,4,20140512,Bangalore
4096,2652.0,5.0,1,5419144,Chennai
4097,3908.0,2.0,1,12043086,Bangalore
4098,2316.0,4.0,2,16146038,Hyderabad
4099,910.0,4.0,3,17302950,Hyderabad
4100,1860.0,1.0,3,20617783,Mumbai
4101,,4.0,1,23278969,Bangalore
4102,3868.0,2.0,4,5040765,Hyderabad
4103,,3.0,3,15706113,Vijayawada
4104,3399.0,2.0,3,21506501,Vijayawada
4105,959.0,1.0,1,12173220,Chennai
4106,3466.0,4.0,2,22481892,Mumbai
4107,2611.0,3.0,1,6027781,Hyderabad
4108,4606.0,5.0,1,8880889,Chennai
4109,2225.0,3.0,4,20163996,Vijayawada
4110,3364.0,3.0,1,6409334,Chennai
4111,1490.0,2.0,4,1595856,Chennai
4112,1331.0,,2,12410237,Hyderabad
4113,4561.0,1.0,4,9552546,Hyderabad
4114,3104.0,1.0,2,19069755,Hyderabad
4115,1214.0,3.0,2,23293513,Mumbai
4116,,3.0,2,22679266,Chennai
4117,2319.0,4.0,1,20016420,Chennai
4118,2187.0,5.0,4,11362008,Mumbai
4119,2211.0,3.0,3,24544265,Vijayawada
4120,1496.0,4.0,1,15562397,Bangalore
4121,877.0,5.0,2,12766745,Vijayawada
4122,2236.0,1.0,3,4335512,Mumbai
4123,2758.0,4.0,1,18925647,Chennai
4124,3032.0,5.0,3,24196704,Chennai
4125,4504.0,4.0,2,13268165,Hyderabad
4126,3862.0,3.0,3,2305064,Hyderabad
4127,2049.0,2.0,3,18551460,Chennai
4128,1832.0,1.0,2,13344410,Chennai
4129,4717.0,3.0,3,14018701,Hyderabad
4130,1277.0,3.0,1,3805129,Hyderabad
4131,3258.0,5.0,3,10357700,Vijayawada
4132,,4.0,4,18356160,Chennai
4133,4358.0,1.0,1,12429816,Chennai
4134,,3.0,3,11874057,Mumbai
4135,3249.0,5.0,4,20261756,Vijayawada
4136,1256.0,1.0,4,23087449,Bangalore
4137,765.0,4.0,4,9461240,Bangalore
4138,1189.0,3.0,3,23390485,Bangalore
4139,3421.0,3.0,2,15698138,Hyderabad
4140,4858.0,,4,10933341,Bangalore
4141,1862.0,,2,9730798,Mumbai
4142,671.0,1.0,1,20002147,Hyderabad
4143,4116.0,1.0,2,5964165,Hyderabad
4144,4180.0,1.0,2,19535731,Bangalore
4145,868.0,5.0,2,9050576,Hyderabad
4146,2376.0,2.0,2,23059830,Vijayawada
4147,3062.0,5.0,2,3781892,Vijayawada
4148,1868.0,3.0,1,17280285,Bangalore
4149,1615.0,5.0,1,2315982,Mumbai
4150,,4.0,2,22950887,Hyderabad
4151,1683.0,1.0,2,8356612,Chennai
4152,4701.0,4.0,4,11035223,Bangalore
4153,1006.0,4.0,1,4823180,Hyderabad
4154,3676.0,3.0,3,9238976,Bangalore
4155,1585.0,,1,13329280,Bangalore
4156,4203.0,4.0,3,19860966,Mumbai
4157,1309.0,3.0,4,21895774,Chennai
4158,3218.0,1.0,2,21623925,Hyderabad
4159,2011.0,2.0,4,16358372,Bangalore
4160,2085.0,3.0,2,20144756,Bangalore
4161,3550.0,5.0,1,11049949,Hyderabad
4162,3534.0,1.0,2,3566776,Bangalore
4163,4714.0,4.0,3,2833809,Bangalore
4164,1603.0,4.0,3,22920678,Bangalore
4165,3066.0,5.0,4,22392277,Vijayawada
4166,3066.0,5.0,1,23029393,Vijayawada
4167,2538.0,4.0,3,4586395,Chennai
4168,2539.0,1.0,4,19576114,Mumbai
4169,2235.0,3.0,1,22722003,Hyderabad
4170,2298.0,5.0,1,14085350,Mumbai
4171,2691.0,5.0,4,24923911,Mumbai
4172,2495.0,5.0,3,24225818,Vijayawada
4173,4840.0,2.0,3,14548305,Chennai
4174,3998.0,1.0,4,15279543,Mumbai
4175,1673.0,1.0,3,10689066,Mumbai
4176,3002.0,1.0,4,19708104,Bangalore
4177,3812.0,1.0,3,3386006,Hyderabad
4178,4637.0,1.0,3,9357983,Chennai
4179,1751.0,,4,10861856,Hyderabad
4180,3045.0,5.0,4,20425407,Vijayawada
4181,2556.0,,3,9318420,Mumbai
4182,4507.0,2.0,4,2189963,Mumbai
4183,1407.0,3.0,3,23466782,Hyderabad
4184,786.0,5.0,2,17165281,Vijayawada
4185,1907.0,2.0,1,8676340,Bangalore
4186,2884.0,,1,2533687,Bangalore
4187,1357.0,3.0,3,24974993,Mumbai
4188,4831.0,2.0,1,4876848,Mumbai
4189,4454.0,3.0,3,10465043,Chennai
4190,4866.0,2.0,4,16750786,Hyderabad
4191,2806.0,4.0,2,2575091,Mumbai
4192,4158.0,3.0,1,24102385,Vijayawada
4193,2180.0,2.0,1,3568051,Hyderabad
4194,1561.0,4.0,4,21088125,Chennai
4195,4447.0,5.0,2,17114528,Bangalore
4196,4175.0,4.0,2,17600375,Chennai
4197,1475.0,4.0,2,16130830,Hyderabad
4198,3018.0,5.0,4,7575090,Bangalore
4199,,4.0,1,17914941,Vijayawada
4200,1601.0,5.0,1,14572985,Bangalore
4201,3984.0,,2,2389515,Bangalore
4202,4666.0,5.0,4,9274203,Vijayawada
4203,3445.0,2.0,4,24778309,Mumbai
4204,2081.0,3.0,4,21741996,Mumbai
4205,3901.0,2.0,2,3005859,Bangalore
4206,1257.0,5.0,4,19774704,Bangalore
4207,3380.0,3.0,2,10769088,Chennai
4208,1022.0,3.0,2,11144932,Mumbai
4209,4281.0,5.0,2,16427451,Vijayawada
4210,4866.0,3.0,3,21044575,Bangalore
4211,3310.0,3.0,2,4299703,Bangalore
4212,1052.0,2.0,4,22243632,Chennai
4213,2997.0,3.0,3,19747782,Chennai
4214,2575.0,5.0,1,2151631,Chennai
4215,2257.0,1.0,1,7276295,Hyderabad
4216,3141.0,1.0,4,3312146,Vijayawada
4217,3675.0,1.0,4,9333354,Hyderabad
4218,3764.0,5.0,4,2367595,Bangalore
4219,3566.0,1.0,4,6599015,Chennai
4220,2653.0,2.0,3,7368992,Chennai
4221,887.0,5.0,4,24083048,Chennai
4222,3817.0,5.0,2,20431163,Mumbai
4223,4454.0,5.0,1,18964909,Vijayawada
4224,2047.0,,4,13278956,Hyderabad
4225,1207.0,3.0,2,4681807,Vijayawada
4226,2364.0,3.0,4,7291427,Chennai
4227,1825.0,4.0,2,1788715,Bangalore
4228,1835.0,2.0,3,1770153,Mumbai
4229,1629.0,5.0,1,8950242,Vijayawada
4230,3271.0,5.0,1,1800374,Bangalore
4231,4562.0,3.0,3,2659940,Chennai
4232,3777.0,5.0,2,2866769,Chennai
4233,4322.0,5.0,4,5031145,Chennai
4234,2075.0,1.0,2,20755978,Chennai
4235,3496.0,5.0,1,6337645,Mumbai
4236,1408.0,4.0,3,7176411,Mumbai
4237,1578.0,3.0,3,8672906,Vijayawada
4238,3063.0,2.0,2,6513531,Chennai
4239,1325.0,2.0,2,2138100,Mumbai
4240,3101.0,1.0,3,20675703,Bangalore
4241,3962.0,2.0,1,14268437,Mumbai
4242,1816.0,2.0,4,4658181,Mumbai
4243,4651.0,3.0,4,6863728,Vijayawada
4244,2797.0,,2,23963637,Mumbai
4245,3406.0,4.0,3,15049906,Bangalore
4246,1378.0,1.0,3,6268585,Chennai
4247,1572.0,2.0,3,5018652,Hyderabad
4248,3410.0,4.0,1,8314780,Vijayawada
4249,2723.0,1.0,2,16688261,Bangalore
4250,1198.0,2.0,2,2722465,Vijayawada
4251,3941.0,2.0,2,3530624,Chennai
4252,824.0,3.0,1,5356798,Mumbai
4253,1440.0,,2,18852303,Mumbai
4254,2414.0,1.0,4,24629636,Bangalore
4255,1706.0,2.0,2,21625166,Chennai
4256,724.0,1.0,2,3956675,Hyderabad
4257,3846.0,4.0,2,9555830,Hyderabad
4258,3531.0,4.0,1,13668611,Mumbai
4259,4725.0,5.0,4,12980487,Chennai
4260,3571.0,2.0,4,14611001,Chennai
4261,2617.0,3.0,3,21200944,Bangalore
4262,3015.0,2.0,3,24401006,Hyderabad
4263,3696.0,1.0,4,4262660,Bangalore
4264,2209.0,4.0,2,8952396,Vijayawada
4265,1317.0,1.0,2,24537648,Chennai
4266,4161.0,5.0,2,4799280,Hyderabad
4267,1616.0,4.0,1,20393005,Bangalore
4268,4165.0,3.0,2,18059693,Mumbai
4269,2560.0,4.0,1,6318529,Vijayawada
4270,1648.0,2.0,4,8797881,Bangalore
4271,1957.0,2.0,2,6012620,Mumbai
4272,4026.0,4.0,2,19351229,Hyderabad
4273,715.0,5.0,3,13435701,Hyderabad
4274,2695.0,2.0,4,13442223,Vijayawada
4275,2401.0,2.0,2,14579133,Mumbai
4276,2746.0,3.0,1,2201477,Chennai
4277,2220.0,4.0,4,19735287,Hyderabad
4278,3550.0,2.0,3,24375363,Chennai
4279,4392.0,5.0,4,18508098,Chennai
4280,3541.0,1.0,1,24442403,Bangalore
4281,1577.0,4.0,3,10364721,Bangalore
4282,3666.0,3.0,1,3625786,Hyderabad
4283,1383.0,2.0,4,11869448,Chennai
4284,840.0,5.0,3,16584106,Bangalore
4285,,4.0,1,23869061,Mumbai
4286,1612.0,5.0,4,16685405,Mumbai
4287,786.0,5.0,1,20682287,Mumbai
4288,2481.0,3.0,2,17617330,Mumbai
4289,1030.0,4.0,4,24682762,Chennai
4290,838.0,2.0,3,19332590,Mumbai
4291,2945.0,3.0,3,2008377,Chennai
4292,675.0,2.0,2,20833687,Hyderabad
4293,1956.0,1.0,1,3150024,Hyderabad
4294,2930.0,,1,21500695,Mumbai
4295,2502.0,1.0,3,10071090,Mumbai
4296,4613.0,5.0,1,24567826,Mumbai
4297,2659.0,3.0,4,15442679,Hyderabad
4298,740.0,2.0,4,11949977,Bangalore
4299,2389.0,2.0,3,24940456,Hyderabad
4300,4226.0,3.0,4,18641974,Mumbai
4301,616.0,4.0,3,20245278,Bangalore
4302,4948.0,1.0,1,21063592,Bangalore
4303,1064.0,1.0,1,19798126,Vijayawada
4304,2427.0,2.0,1,24129874,Chennai
4305,3628.0,2.0,2,17530049,Mumbai
4306,1119.0,2.0,3,7313481,Chennai
4307,689.0,3.0,4,8884382,Vijayawada
4308,3451.0,4.0,1,22318544,Chennai
4309,3443.0,1.0,2,9612499,Mumbai
4310,2484.0,5.0,4,19091572,Vijayawada
4311,4771.0,3.0,4,8660481,Chennai
4312,1525.0,1.0,4,14986834,Hyderabad
4313,4334.0,4.0,1,19439536,Bangalore
4314,1569.0,3.0,4,20606113,Vijayawada
4315,1694.0,1.0,3,18494738,Hyderabad
4316,3795.0,3.0,2,15319785,Mumbai
4317,2004.0,1.0,4,24403076,Bangalore
4318,,1.0,4,5366692,Vijayawada
4319,4890.0,4.0,3,8457111,Bangalore
4320,4582.0,5.0,4,4652502,Vijayawada
4321,4923.0,4.0,1,14082091,Vijayawada
4322,4613.0,1.0,1,19993342,Chennai
4323,3692.0,3.0,1,6118806,Bangalore
4324,4759.0,4.0,4,20057477,Bangalore
4325,2674.0,5.0,2,18240594,Hyderabad
4326,884.0,1.0,2,1728552,Mumbai
4327,1787.0,4.0,4,12582475,Hyderabad
4328,4569.0,4.0,2,24656185,Chennai
4329,3565.0,4.0,2,7069038,Vijayawada
4330,4919.0,,4,2251247,Chennai
4331,1383.0,3.0,1,23313208,Chennai
4332,1549.0,5.0,4,3332413,Hyderabad
4333,4539.0,5.0,1,5419668,Vijayawada
4334,644.0,1.0,1,4835430,Mumbai
4335,2410.0,2.0,2,1746968,Chennai
4336,2681.0,3.0,2,16009110,Mumbai
4337,4098.0,1.0,1,3528851,Vijayawada
4338,1429.0,1.0,1,4435299,Vijayawada
4339,2509.0,4.0,2,13041802,Hyderabad
4340,3181.0,2.0,3,11719047,Bangalore
4341,,2.0,1,2304069,Hyderabad
4342,,3.0,1,16175229,Mumbai
4343,1531.0,2.0,1,22540265,Hyderabad
4344,4006.0,1.0,2,11642310,Vijayawada
4345,747.0,2.0,4,17362790,Chennai
4346,1632.0,2.0,1,17124867,Bangalore
4347,1911.0,5.0,1,5030662,Vijayawada
4348,987.0,1.0,1,1987843,Chennai
4349,3721.0,2.0,4,2511987,Mumbai
4350,2473.0,2.0,4,11483536,Mumbai
4351,4188.0,4.0,1,12582335,Mumbai
4352,1515.0,,1,16824902,Hyderabad
4353,2478.0,2.0,3,18291641,Mumbai
4354,4348.0,5.0,4,22785145,Mumbai
4355,877.0,1.0,3,1577347,Hyderabad
4356,2577.0,3.0,1,5122058,Chennai
4357,2459.0,1.0,1,24116701,Vijayawada
4358,3636.0,4.0,1,22987586,Bangalore
4359,3971.0,1.0,1,17708682,Mumbai
4360,2782.0,2.0,2,19669035,Mumbai
4361,1770.0,4.0,2,23808128,Mumbai
4362,1089.0,1.0,2,24028749,Hyderabad
4363,3125.0,4.0,3,15808524,Hyderabad
4364,1782.0,3.0,4,12313740,Hyderabad
4365,4858.0,1.0,1,16348599,Bangalore
4366,3088.0,2.0,4,13622251,Vijayawada
4367,2476.0,4.0,2,6107741,Mumbai
4368,3062.0,5.0,1,5416053,Chennai
4369,2230.0,4.0,1,12488030,Mumbai
4370,887.0,5.0,3,4774073,Mumbai
4371,4882.0,2.0,4,17707693,Mumbai
4372,2507.0,3.0,3,10485739,Mumbai
4373,1761.0,5.0,2,22500771,Vijayawada
4374,729.0,3.0,4,5085530,Chennai
4375,2963.0,4.0,2,24275149,Hyderabad
4376,743.0,2.0,3,19248604,Chennai
4377,615.0,5.0,3,3082904,Mumbai
4378,,4.0,1,21599894,Chennai
4379,1526.0,1.0,4,18676401,Mumbai
4380,3778.0,,4,17490629,Chennai
4381,2776.0,3.0,1,17619442,Bangalore
4382,1486.0,2.0,4,6016974,Chennai
4383,940.0,2.0,2,9714378,Hyderabad
4384,2651.0,4.0,2,19471557,Hyderabad
4385,3998.0,1.0,3,11456589,Chennai
4386,4550.0,3.0,2,12864354,Chennai
4387,905.0,,4,2607666,Vijayawada
4388,1507.0,4.0,1,17100019,Chennai
4389,3254.0,2.0,3,19295580,Hyderabad
4390,4392.0,3.0,1,18767383,Bangalore
4391,4642.0,1.0,3,20652956,Hyderabad
4392,1971.0,2.0,3,10191195,Vijayawada
4393,920.0,4.0,1,11609050,Chennai
4394,4659.0,2.0,2,18708816,Bangalore
4395,1731.0,2.0,2,20351894,Hyderabad
4396,3178.0,5.0,2,12494850,Bangalore
4397,4642.0,2.0,2,20733741,Mumbai
4398,3967.0,2.0,1,3097112,Hyderabad
4399,1417.0,3.0,4,22910898,Mumbai
4400,,2.0,3,10586658,Bangalore
4401,794.0,1.0,1,11326849,Chennai
4402,3137.0,4.0,2,5632857,Chennai
4403,3442.0,3.0,2,4365264,Chennai
4404,2829.0,2.0,1,8908040,Mumbai
4405,3609.0,1.0,3,8638197,Chennai
4406,2677.0,4.0,1,18320453,Vijayawada
4407,4467.0,3.0,1,4510551,Hyderabad
4408,1043.0,1.0,4,24473332,Hyderabad
4409,897.0,2.0,1,9110280,Bangalore
4410,1444.0,5.0,4,3156094,Mumbai
4411,1615.0,5.0,3,9192442,Hyderabad
4412,1984.0,3.0,1,12545028,Mumbai
4413,1997.0,1.0,1,19062561,Bangalore
4414,1153.0,4.0,2,20545000,Chennai
4415,2950.0,1.0,1,21251849,Bangalore
4416,1869.0,5.0,2,8291679,Vijayawada
4417,1860.0,3.0,2,4822787,Chennai
4418,784.0,2.0,2,8799258,Chennai
4419,3010.0,1.0,3,9936775,Chennai
4420,2809.0,5.0,4,2796181,Bangalore
4421,4272.0,4.0,2,16875852,Vijayawada
4422,2481.0,3.0,1,23849478,Mumbai
4423,4896.0,2.0,1,8037606,Bangalore
4424,1121.0,1.0,2,11352619,Hyderabad
4425,2487.0,4.0,2,17303131,Hyderabad
4426,3152.0,2.0,1,10924200,Bangalore
4427,4409.0,5.0,2,5199618,Mumbai
4428,4755.0,5.0,4,9418791,Hyderabad
4429,4079.0,4.0,4,17946150,Mumbai
4430,2009.0,5.0,3,15044643,Chennai
4431,2294.0,3.0,2,6577817,Bangalore
4432,1126.0,4.0,3,20921772,Chennai
4433,3260.0,5.0,3,15400306,Hyderabad
4434,2772.0,1.0,3,16590749,Mumbai
4435,879.0,5.0,2,16447654,Chennai
4436,3564.0,3.0,3,24693481,Hyderabad
4437,4577.0,2.0,4,15938680,Vijayawada
4438,,2.0,3,16706315,Chennai
4439,3493.0,5.0,4,16550489,Vijayawada
4440,2351.0,,4,18959838,Vijayawada
4441,4581.0,5.0,2,16191224,Hyderabad
4442,2961.0,3.0,3,12350780,Bangalore
4443,,2.0,2,10782251,Mumbai
4444,2308.0,1.0,4,21374034,Hyderabad
4445,3286.0,5.0,1,13597902,Chennai
4446,3495.0,2.0,3,9787143,Mumbai
4447,3376.0,3.0,2,5687635,Bangalore
4448,1719.0,3.0,1,13182629,Hyderabad
4449,3588.0,1.0,3,20770907,Bangalore
4450,4859.0,3.0,3,19115753,Chennai
4451,4843.0,3.0,2,15370401,Hyderabad
4452,,2.0,1,17566935,Chennai
4453,1262.0,5.0,2,18008908,Mumbai
4454,1079.0,4.0,3,9169144,Mumbai
4455,4818.0,3.0,3,9780774,Bangalore
4456,2023.0,3.0,4,9601351,Bangalore
4457,3308.0,4.0,3,2350262,Mumbai
4458,3775.0,3.0,3,13894735,Vijayawada
4459,4414.0,2.0,1,21562346,Mumbai
4460,2614.0,2.0,1,9015257,Hyderabad
4461,4389.0,4.0,4,6489347,Chennai
4462,3043.0,3.0,4,1776016,Mumbai
4463,1511.0,3.0,4,14918799,Mumbai
4464,3813.0,5.0,2,10999898,Chennai
4465,2964.0,3.0,2,16829258,Chennai
4466,4229.0,2.0,4,9693168,Hyderabad
4467,4072.0,1.0,2,20975097,Chennai
4468,1280.0,,3,2136024,Bangalore
4469,1209.0,1.0,4,14677979,Mumbai
4470,2756.0,1.0,4,3548149,Chennai
4471,4466.0,3.0,2,22170860,Hyderabad
4472,971.0,3.0,1,5634667,Chennai
4473,1215.0,5.0,4,16284512,Mumbai
4474,2853.0,3.0,2,24840704,Vijayawada
4475,4738.0,1.0,2,21599315,Chennai
4476,1464.0,4.0,1,4770518,Bangalore
4477,1868.0,4.0,4,21438879,Mumbai
4478,1384.0,2.0,1,3408010,Hyderabad
4479,4778.0,2.0,3,6037079,Mumbai
4480,2837.0,3.0,1,23465753,Vijayawada
4481,4654.0,4.0,1,22779696,Hyderabad
4482,1535.0,1.0,2,12587811,Vijayawada
4483,4580.0,1.0,1,21309779,Vijayawada
4484,2938.0,1.0,3,17528786,Bangalore
4485,925.0,3.0,2,19763846,Chennai
4486,2134.0,3.0,3,9403232,Bangalore
4487,4080.0,5.0,1,16724492,Bangalore
4488,4461.0,1.0,3,1585591,Bangalore
4489,2585.0,1.0,3,19309889,Hyderabad
4490,3378.0,3.0,1,16359873,Chennai
4491,1870.0,3.0,1,9397687,Chennai
4492,1240.0,5.0,2,16538798,Hyderabad
4493,4678.0,5.0,2,3546416,Bangalore
4494,1967.0,2.0,4,7571436,Bangalore
4495,,4.0,2,20288934,Vijayawada
4496,3175.0,1.0,1,4625384,Vijayawada
4497,4203.0,1.0,3,14567243,Mumbai
4498,2181.0,5.0,3,15526686,Vijayawada
4499,2586.0,5.0,2,11839938,Chennai
4500,2840.0,2.0,2,6586870,Hyderabad
4501,4566.0,4.0,1,22245141,Bangalore
4502,2705.0,2.0,3,8136206,Mumbai
4503,728.0,4.0,4,12826873,Vijayawada
4504,4596.0,1.0,4,14015072,Mumbai
4505,1451.0,2.0,2,12610111,Hyderabad
4506,4703.0,5.0,4,6379177,Hyderabad
4507,2676.0,2.0,1,11746208,Mumbai
4508,3594.0,2.0,4,20748708,Mumbai
4509,4344.0,1.0,2,3358626,Mumbai
4510,3356.0,5.0,1,6794512,Bangalore
4511,2244.0,5.0,3,4005777,Chennai
4512,4971.0,3.0,1,8849561,Vijayawada
4513,3744.0,3.0,2,18137236,Vijayawada
4514,842.0,3.0,2,7312085,Vijayawada
4515,4685.0,1.0,4,23078296,Mumbai
4516,770.0,2.0,4,7997809,Mumbai
4517,1252.0,5.0,3,8536687,Mumbai
4518,4112.0,5.0,3,19918305,Bangalore
4519,2099.0,2.0,2,23523084,Bangalore
4520,2699.0,5.0,2,10973103,Bangalore
4521,2758.0,2.0,2,24023335,Bangalore
4522,2572.0,1.0,3,3252362,Hyderabad
4523,4525.0,1.0,2,18286229,Bangalore
4524,2858.0,1.0,3,7175209,Bangalore
4525,4639.0,2.0,2,12644694,Bangalore
4526,2635.0,2.0,1,20079168,Vijayawada
4527,3871.0,4.0,1,20930884,Vijayawada
4528,1457.0,5.0,2,6990248,Vijayawada
4529,4423.0,5.0,1,24487311,Chennai
4530,1649.0,4.0,3,9148273,Hyderabad
4531,4590.0,4.0,4,3783997,Mumbai
4532,898.0,1.0,1,24466239,Bangalore
4533,1523.0,4.0,4,12393799,Vijayawada
4534,4832.0,2.0,1,18956086,Hyderabad
4535,4906.0,,3,3726954,Bangalore
4536,3399.0,2.0,1,13859101,Chennai
4537,4662.0,,1,8058035,Mumbai
4538,4645.0,5.0,2,22247794,Bangalore
4539,2402.0,2.0,4,9946563,Mumbai
4540,3313.0,5.0,4,14404563,Bangalore
4541,3453.0,2.0,3,14133945,Chennai
4542,3257.0,5.0,3,8827511,Hyderabad
4543,3946.0,2.0,4,13893740,Mumbai
4544,2071.0,5.0,2,22518739,Mumbai
4545,3549.0,3.0,2,15829569,Hyderabad
4546,1541.0,1.0,4,14281212,Mumbai
4547,2507.0,,1,19734531,Vijayawada
4548,1843.0,3.0,4,24076710,Hyderabad
4549,2066.0,1.0,1,12360530,Chennai
4550,4557.0,2.0,4,20547645,Bangalore
4551,2566.0,3.0,1,19194845,Bangalore
4552,975.0,3.0,2,21227535,Hyderabad
4553,862.0,3.0,4,10255148,Vijayawada
4554,4962.0,4.0,3,20390743,Chennai
4555,3988.0,5.0,1,18410999,Bangalore
4556,3995.0,1.0,2,18548542,Bangalore
4557,2544.0,5.0,3,24139450,Vijayawada
4558,2493.0,5.0,2,21857110,Mumbai
4559,4234.0,5.0,1,16021726,Hyderabad
4560,2252.0,3.0,4,10008878,Vijayawada
4561,4741.0,5.0,2,22162722,Vijayawada
4562,4492.0,4.0,4,4255077,Vijayawada
4563,1199.0,2.0,4,19414701,Vijayawada
4564,2512.0,3.0,2,2995734,Mumbai
4565,1892.0,1.0,2,23498117,Chennai
4566,1200.0,2.0,2,15333120,Vijayawada
4567,980.0,2.0,4,24175045,Vijayawada
4568,4813.0,2.0,3,1795943,Hyderabad
4569,4237.0,5.0,1,20834361,Bangalore
4570,2763.0,5.0,3,1534510,Mumbai
4571,4955.0,3.0,4,19823021,Vijayawada
4572,1698.0,,2,14170831,Chennai
4573,965.0,5.0,2,15244531,Chennai
4574,3170.0,5.0,1,12407951,Chennai
4575,4019.0,3.0,1,14398298,Hyderabad
4576,3076.0,3.0,3,11961152,Chennai
4577,1390.0,4.0,3,24198723,Hyderabad
4578,,4.0,1,6174569,Mumbai
4579,1346.0,4.0,4,9696403,Chennai
4580,912.0,4.0,3,9747729,Bangalore
4581,1520.0,2.0,2,8582785,Vijayawada
4582,1677.0,2.0,2,1631235,Mumbai
4583,3429.0,4.0,4,8106140,Bangalore
4584,2981.0,4.0,1,20850499,Mumbai
4585,4218.0,1.0,3,5938671,Chennai
4586,1397.0,2.0,2,19093678,Mumbai
4587,872.0,1.0,1,16045990,Mumbai
4588,3610.0,1.0,3,16209934,Mumbai
4589,2373.0,5.0,4,2971274,Hyderabad
4590,,3.0,2,5594290,Bangalore
4591,3764.0,2.0,4,3916551,Chennai
4592,1546.0,4.0,4,19156055,Vijayawada
4593,3265.0,4.0,4,8249602,Chennai
4594,1106.0,3.0,3,18013329,Chennai
4595,843.0,,4,4541035,Hyderabad
4596,1105.0,4.0,3,7638708,Hyderabad
4597,3758.0,4.0,3,6734514,Mumbai
4598,4190.0,5.0,4,5996874,Chennai
4599,2472.0,1.0,4,15874511,Bangalore
4600,4393.0,4.0,1,3241951,Hyderabad
4601,1792.0,2.0,2,23069059,Hyderabad
4602,2064.0,3.0,1,24401557,Bangalore
4603,990.0,5.0,2,6825870,Hyderabad
4604,3977.0,2.0,2,9631064,Bangalore
4605,1272.0,5.0,1,2180050,Vijayawada
4606,3160.0,1.0,1,22464767,Bangalore
4607,1811.0,4.0,2,18573122,Vijayawada
4608,1529.0,2.0,2,9221182,Mumbai
4609,2139.0,3.0,2,6387163,Mumbai
4610,1512.0,1.0,3,4740868,Hyderabad
4611,1243.0,1.0,2,16122815,Bangalore
4612,1101.0,5.0,4,21244874,Hyderabad
4613,1329.0,1.0,4,13051351,Bangalore
4614,1883.0,2.0,4,3445188,Hyderabad
4615,2718.0,5.0,1,11647741,Mumbai
4616,4986.0,1.0,1,21799807,Mumbai
4617,4436.0,3.0,1,8855884,Hyderabad
4618,1519.0,2.0,2,2079649,Bangalore
4619,4650.0,3.0,4,17602578,Chennai
4620,2939.0,3.0,2,6370922,Bangalore
4621,1355.0,5.0,3,7764250,Hyderabad
4622,2469.0,4.0,3,2459012,Bangalore
4623,1107.0,5.0,1,20311080,Vijayawada
4624,2036.0,2.0,3,21450354,Bangalore
4625,3175.0,2.0,4,2285334,Mumbai
4626,4026.0,5.0,3,20253191,Mumbai
4627,1158.0,4.0,1,6945894,Vijayawada
4628,3702.0,5.0,2,16738276,Bangalore
4629,4222.0,2.0,3,4496206,Chennai
4630,4999.0,4.0,4,20372105,Bangalore
4631,4657.0,2.0,4,7505079,Mumbai
4632,4315.0,4.0,4,14940175,Mumbai
4633,1901.0,4.0,2,4002632,Hyderabad
4634,2755.0,5.0,4,14373094,Mumbai
4635,1292.0,5.0,1,10124138,Hyderabad
4636,4950.0,5.0,1,20645648,Mumbai
4637,2078.0,4.0,4,6851426,Mumbai
4638,856.0,4.0,3,10440327,Chennai
4639,3030.0,2.0,4,4688018,Hyderabad
4640,1041.0,3.0,1,19262259,Hyderabad
4641,,5.0,1,3431823,Mumbai
4642,3246.0,2.0,1,7921830,Hyderabad
4643,4420.0,2.0,3,13077083,Mumbai
4644,2335.0,1.0,3,18094835,Mumbai
4645,4335.0,5.0,3,19001784,Bangalore
4646,3245.0,2.0,1,23124940,Hyderabad
4647,618.0,1.0,2,15466626,Vijayawada
4648,1724.0,5.0,4,22278391,Hyderabad
4649,4585.0,4.0,4,18947463,Hyderabad
4650,3254.0,1.0,1,3067692,Chennai
4651,2680.0,4.0,3,3011718,Vijayawada
4652,2147.0,3.0,2,23736739,Vijayawada
4653,1461.0,3.0,2,23773212,Chennai
4654,754.0,3.0,3,2059168,Chennai
4655,4094.0,,4,2739613,Hyderabad
4656,1504.0,2.0,4,3970352,Bangalore
4657,1869.0,3.0,2,1849829,Chennai
4658,1004.0,2.0,2,20193099,Vijayawada
4659,1443.0,2.0,3,20048042,Vijayawada
4660,2382.0,5.0,4,13496842,Hyderabad
4661,2164.0,2.0,2,7676977,Bangalore
4662,1784.0,2.0,4,22356615,Mumbai
4663,1346.0,3.0,2,15645624,Chennai
4664,2325.0,2.0,3,4112902,Chennai
4665,3788.0,4.0,4,7617403,Hyderabad
4666,870.0,3.0,2,3105869,Bangalore
4667,4556.0,1.0,2,2786479,Vijayawada
4668,771.0,3.0,2,5430174,Vijayawada
4669,873.0,2.0,2,14189291,Mumbai
4670,2906.0,4.0,3,4434312,Vijayawada
4671,1758.0,3.0,4,6358355,Chennai
4672,2306.0,4.0,4,3606908,Mumbai
4673,2371.0,,1,17292719,Bangalore
4674,1021.0,1.0,4,15721300,Mumbai
4675,1809.0,5.0,1,15585170,Bangalore
4676,1490.0,5.0,2,21597324,Vijayawada
4677,3867.0,3.0,3,17334201,Hyderabad
4678,2073.0,5.0,3,3613685,Mumbai
4679,3843.0,4.0,2,9986025,Mumbai
4680,2781.0,5.0,1,11292646,Chennai
4681,2049.0,4.0,2,4319672,Chennai
4682,3696.0,5.0,3,1848492,Bangalore
4683,3856.0,5.0,3,4456649,Hyderabad
4684,3756.0,5.0,4,3523001,Chennai
4685,2190.0,,1,16718006,Chennai
4686,4839.0,2.0,4,17623964,Vijayawada
4687,4581.0,5.0,3,6025931,Vijayawada
4688,2035.0,4.0,3,17760827,Chennai
4689,823.0,3.0,4,5838748,Bangalore
4690,819.0,1.0,4,6125202,Hyderabad
4691,4874.0,2.0,3,21883959,Chennai
4692,2254.0,5.0,4,11553196,Bangalore
4693,864.0,1.0,4,17257935,Bangalore
4694,1553.0,2.0,1,12445089,Chennai
4695,4333.0,3.0,3,9938182,Bangalore
4696,3374.0,4.0,2,24931883,Mumbai
4697,3724.0,5.0,1,17424646,Bangalore
4698,1079.0,3.0,2,16394285,Chennai
4699,4114.0,2.0,4,24551549,Bangalore
4700,1953.0,5.0,4,17969096,Chennai
4701,,1.0,2,10028625,Vijayawada
4702,4478.0,4.0,4,4728335,Chennai
4703,1489.0,2.0,4,14657074,Bangalore
4704,,4.0,1,21272958,Chennai
4705,1524.0,5.0,2,21833290,Hyderabad
4706,2770.0,3.0,1,5824842,Chennai
4707,2502.0,4.0,2,20311544,Chennai
4708,2995.0,1.0,1,11149649,Hyderabad
4709,628.0,2.0,3,16614674,Hyderabad
4710,634.0,1.0,3,12490348,Hyderabad
4711,4189.0,4.0,2,22728990,Mumbai
4712,3270.0,3.0,3,3448031,Chennai
4713,3965.0,3.0,1,14444893,Hyderabad
4714,1188.0,1.0,2,22751068,Hyderabad
4715,3818.0,5.0,3,3145493,Vijayawada
4716,3738.0,5.0,3,8853188,Mumbai
4717,,3.0,2,6143138,Chennai
4718,4686.0,1.0,3,16230063,Bangalore
4719,2769.0,1.0,3,20781369,Mumbai
4720,939.0,1.0,2,20553799,Mumbai
4721,4870.0,4.0,3,10372631,Vijayawada
4722,2314.0,5.0,3,23796934,Chennai
4723,1156.0,5.0,3,19230834,Chennai
4724,3687.0,4.0,3,15987469,Hyderabad
4725,3866.0,2.0,4,15319790,Hyderabad
4726,4167.0,4.0,2,18310015,Mumbai
4727,2656.0,1.0,4,16008208,Vijayawada
4728,4499.0,4.0,4,24710900,Chennai
4729,1616.0,1.0,1,20677157,Vijayawada
4730,2662.0,3.0,4,12435958,Bangalore
4731,1438.0,1.0,4,6034062,Chennai
4732,2237.0,5.0,1,23742782,Hyderabad
4733,4921.0,4.0,3,4779115,Mumbai
4734,4096.0,1.0,3,20336052,Vijayawada
4735,2413.0,2.0,4,21651283,Hyderabad
4736,4079.0,3.0,1,3609572,Mumbai
4737,2051.0,2.0,3,22751976,Hyderabad
4738,2913.0,2.0,1,10696435,Chennai
4739,2114.0,2.0,2,17480625,Vijayawada
4740,,3.0,2,20421340,Bangalore
4741,2245.0,3.0,2,2629429,Hyderabad
4742,3599.0,3.0,2,21018791,Vijayawada
4743,4040.0,3.0,4,6503590,Chennai
4744,4656.0,2.0,2,4767101,Hyderabad
4745,905.0,5.0,2,6027228,Chennai
4746,4136.0,5.0,1,5069873,Bangalore
4747,2323.0,3.0,3,6062906,Bangalore
4748,2289.0,4.0,1,18072175,Mumbai
4749,2117.0,1.0,4,20884020,Mumbai
4750,4517.0,4.0,2,2874340,Mumbai
4751,1019.0,4.0,3,5516284,Chennai
4752,3536.0,4.0,3,3435204,Mumbai
4753,4462.0,5.0,2,20778205,Vijayawada
4754,4829.0,1.0,2,18394997,Chennai
4755,2050.0,4.0,4,6219565,Chennai
4756,3696.0,,4,6539522,Mumbai
4757,,5.0,2,13139255,Mumbai
4758,1764.0,3.0,2,4682825,Chennai
4759,2469.0,3.0,2,22592923,Bangalore
4760,,,2,13855013,Bangalore
4761,3305.0,3.0,3,18826850,Mumbai
4762,4115.0,1.0,4,4227073,Bangalore
4763,1942.0,3.0,2,4736145,Vijayawada
4764,2826.0,4.0,2,4039521,Vijayawada
4765,1679.0,3.0,3,21382254,Vijayawada
4766,4806.0,5.0,1,20189166,Chennai
4767,3379.0,5.0,2,21265947,Chennai
4768,,5.0,3,9717439,Chennai
4769,1413.0,2.0,3,11771679,Chennai
4770,2631.0,5.0,1,21217855,Chennai
4771,922.0,5.0,4,7200462,Mumbai
4772,3569.0,2.0,4,3211638,Bangalore
4773,1503.0,5.0,4,14692034,Mumbai
4774,2141.0,4.0,2,10827652,Bangalore
4775,4103.0,5.0,4,5235268,Mumbai
4776,3253.0,5.0,2,17521784,Vijayawada
4777,3076.0,2.0,2,23254404,Hyderabad
4778,3940.0,4.0,3,2289031,Chennai
4779,4843.0,3.0,4,13785741,Hyderabad
4780,,1.0,4,18246683,Hyderabad
4781,1449.0,4.0,4,19017295,Vijayawada
4782,966.0,3.0,2,6405829,Hyderabad
4783,3497.0,,2,2738503,Hyderabad
4784,1689.0,3.0,4,11172033,Vijayawada
4785,4641.0,3.0,2,8315762,Bangalore
4786,2638.0,4.0,2,21842152,Mumbai
4787,3460.0,2.0,1,1833060,Hyderabad
4788,4870.0,4.0,1,24211256,Chennai
4789,2454.0,4.0,4,3454201,Vijayawada
4790,1094.0,3.0,4,12568818,Hyderabad
4791,3782.0,1.0,1,11174031,Bangalore
4792,2384.0,3.0,2,8615375,Bangalore
4793,4110.0,5.0,2,8287839,Chennai
4794,4386.0,4.0,3,12571505,Hyderabad
4795,4730.0,4.0,4,17746967,Chennai
4796,1598.0,2.0,4,13921918,Bangalore
4797,2051.0,3.0,4,3048160,Bangalore
4798,2351.0,2.0,3,4394978,Mumbai
4799,2880.0,4.0,3,4980030,Bangalore
4800,3534.0,3.0,2,8309368,Vijayawada
4801,4334.0,3.0,1,10275412,Mumbai
4802,3946.0,5.0,1,3360288,Chennai
4803,2473.0,5.0,1,12109981,Bangalore
4804,4403.0,1.0,2,11014502,Vijayawada
4805,2579.0,5.0,1,11855847,Mumbai
4806,1298.0,,3,13366642,Vijayawada
4807,1912.0,,3,10883278,Mumbai
4808,3562.0,1.0,4,20689224,Mumbai
4809,3538.0,4.0,1,4111173,Mumbai
4810,2900.0,,3,9543048,Chennai
4811,3797.0,3.0,4,3210525,Mumbai
4812,726.0,4.0,1,21209041,Mumbai
4813,1791.0,3.0,1,15911443,Vijayawada
4814,3239.0,4.0,3,16727585,Mumbai
4815,4989.0,3.0,4,10411707,Chennai
4816,4516.0,5.0,4,13199936,Vijayawada
4817,1966.0,5.0,3,12744866,Mumbai
4818,1619.0,1.0,3,16765703,Vijayawada
4819,4679.0,4.0,3,14961252,Chennai
4820,1284.0,1.0,1,5095775,Vijayawada
4821,4229.0,2.0,3,18853331,Chennai
4822,3487.0,,3,21839668,Bangalore
4823,2062.0,4.0,2,20298229,Mumbai
4824,4686.0,1.0,3,5250517,Chennai
4825,2861.0,1.0,3,20443140,Mumbai
4826,4780.0,2.0,1,20914267,Chennai
4827,3441.0,1.0,4,10041962,Hyderabad
4828,2367.0,3.0,1,3016008,Hyderabad
4829,,5.0,2,18002964,Hyderabad
4830,4160.0,1.0,3,22613932,Chennai
4831,2712.0,1.0,3,18635989,Mumbai
4832,1226.0,2.0,3,7603996,Hyderabad
4833,4759.0,3.0,3,19696546,Mumbai
4834,4014.0,1.0,3,7649644,Chennai
4835,1975.0,5.0,3,21505979,Mumbai
4836,1781.0,5.0,2,2603091,Mumbai
4837,1090.0,1.0,3,13780148,Hyderabad
4838,4329.0,3.0,3,9394800,Vijayawada
4839,,5.0,3,24227983,Bangalore
4840,3896.0,,2,1559789,Chennai
4841,2540.0,3.0,3,16887326,Chennai
4842,2482.0,,2,4180928,Chennai
4843,3587.0,1.0,1,24250538,Bangalore
4844,3759.0,4.0,3,13201452,Vijayawada
4845,1281.0,2.0,4,10593568,Mumbai
4846,1673.0,4.0,2,10762497,Chennai
4847,2987.0,4.0,1,13738472,Mumbai
4848,2994.0,5.0,2,23360428,Hyderabad
4849,3293.0,3.0,2,20879071,Hyderabad
4850,1970.0,5.0,1,2430340,Hyderabad
4851,4940.0,2.0,3,5527876,Chennai
4852,2756.0,1.0,3,24188558,Bangalore
4853,3180.0,2.0,2,20586333,Chennai
4854,4991.0,5.0,1,21867494,Hyderabad
4855,2759.0,5.0,3,18144749,Hyderabad
4856,3848.0,5.0,2,19439709,Chennai
4857,4331.0,5.0,4,17127823,Bangalore
4858,4429.0,4.0,1,13660254,Bangalore
4859,2227.0,1.0,4,12535269,Mumbai
4860,4072.0,4.0,4,10413615,Vijayawada
4861,627.0,5.0,2,10103122,Hyderabad
4862,2585.0,3.0,1,7683524,Bangalore
4863,4753.0,4.0,3,20953370,Hyderabad
4864,,5.0,3,19399077,Vijayawada
4865,896.0,5.0,2,10163687,Hyderabad
4866,2781.0,1.0,3,12891554,Bangalore
4867,4002.0,2.0,3,14651235,Mumbai
4868,2896.0,4.0,4,7625568,Chennai
4869,,4.0,4,14363596,Chennai
4870,1501.0,4.0,1,3315689,Bangalore
4871,1698.0,5.0,4,5116177,Bangalore
4872,2277.0,1.0,3,23425931,Vijayawada
4873,3481.0,5.0,1,21739869,Hyderabad
4874,1978.0,5.0,1,10419983,Vijayawada
4875,1848.0,3.0,2,15416421,Chennai
4876,4335.0,1.0,4,15580727,Hyderabad
4877,4841.0,4.0,1,12412376,Vijayawada
4878,1864.0,2.0,3,24177655,Chennai
4879,2507.0,4.0,1,13212724,Hyderabad
4880,1658.0,5.0,1,22450007,Mumbai
4881,3349.0,1.0,2,5091006,Mumbai
4882,2648.0,1.0,3,16649375,Vijayawada
4883,4848.0,1.0,3,4301377,Bangalore
4884,,3.0,4,18744369,Hyderabad
4885,4616.0,4.0,3,4329707,Vijayawada
4886,3797.0,3.0,1,2000642,Bangalore
4887,4153.0,2.0,3,23942472,Bangalore
4888,,5.0,3,23025080,Hyderabad
4889,820.0,3.0,1,24098405,Hyderabad
4890,3488.0,3.0,2,18498336,Bangalore
4891,2264.0,5.0,4,19359437,Chennai
4892,4586.0,1.0,4,18298395,Vijayawada
4893,3577.0,5.0,2,5685711,Hyderabad
4894,2471.0,4.0,1,6229283,Bangalore
4895,2062.0,5.0,4,18930940,Chennai
4896,944.0,1.0,2,4905733,Mumbai
4897,644.0,5.0,2,16487519,Bangalore
4898,2668.0,3.0,2,13204446,Chennai
4899,2114.0,2.0,4,6505703,Mumbai
4900,3198.0,3.0,4,18829982,Chennai
4901,1601.0,,4,2488128,Hyderabad
4902,1633.0,5.0,4,1802476,Bangalore
4903,2640.0,4.0,3,5471473,Mumbai
4904,873.0,5.0,2,24614572,Chennai
4905,3247.0,1.0,3,16139037,Mumbai
4906,2379.0,5.0,2,12112621,Vijayawada
4907,1078.0,2.0,4,8356842,Bangalore
4908,1115.0,3.0,4,22452305,Hyderabad
4909,4886.0,4.0,3,19481923,Mumbai
4910,1791.0,5.0,1,16014704,Chennai
4911,3268.0,5.0,4,6584429,Mumbai
4912,2011.0,3.0,1,6148937,Chennai
4913,3880.0,4.0,2,23186108,Mumbai
4914,871.0,,3,9498597,Hyderabad
4915,742.0,5.0,1,17656785,Hyderabad
4916,3932.0,2.0,1,18229528,Bangalore
4917,1387.0,2.0,4,12521676,Hyderabad
4918,2281.0,1.0,1,8419399,Mumbai
4919,1222.0,3.0,1,5962966,Mumbai
4920,4441.0,4.0,2,5863867,Hyderabad
4921,4276.0,,3,23659114,Vijayawada
4922,3172.0,5.0,4,3073474,Mumbai
4923,,1.0,4,8254510,Bangalore
4924,666.0,,1,11063603,Vijayawada
4925,4886.0,3.0,2,22251252,Hyderabad
4926,1740.0,1.0,1,7216288,Chennai
4927,2914.0,3.0,1,5168839,Mumbai
4928,3132.0,1.0,4,24915008,Chennai
4929,4180.0,5.0,1,16746163,Bangalore
4930,1787.0,1.0,1,6288664,Vijayawada
4931,3939.0,2.0,2,14722607,Chennai
4932,1148.0,4.0,4,8041896,Bangalore
4933,,5.0,3,16855280,Chennai
4934,672.0,4.0,2,11432346,Chennai
4935,798.0,5.0,2,10850942,Bangalore
4936,3801.0,4.0,2,7349151,Mumbai
4937,2381.0,2.0,4,13342303,Chennai
4938,1171.0,4.0,1,24929679,Bangalore
4939,1390.0,1.0,3,9617526,Chennai
4940,2238.0,4.0,4,15599101,Mumbai
4941,2431.0,5.0,1,4712806,Bangalore
4942,2455.0,3.0,2,2395719,Chennai
4943,1774.0,4.0,4,5838281,Hyderabad
4944,4340.0,4.0,1,24567629,Mumbai
4945,3877.0,4.0,3,7256874,Chennai
4946,778.0,,3,24328129,Vijayawada
4947,2844.0,4.0,1,8943723,Bangalore
4948,4686.0,5.0,4,12203931,Chennai
4949,1334.0,5.0,2,5342043,Mumbai
4950,1398.0,3.0,1,21626195,Mumbai
4951,1387.0,1.0,2,11878732,Vijayawada
4952,3395.0,5.0,3,22744910,Vijayawada
4953,4904.0,2.0,1,10153210,Chennai
4954,3684.0,,3,3067737,Hyderabad
4955,3518.0,2.0,2,19331820,Mumbai
4956,1331.0,4.0,2,19560615,Hyderabad
4957,1729.0,3.0,1,3911197,Hyderabad
4958,4046.0,5.0,1,3594716,Chennai
4959,2205.0,1.0,1,8453122,Bangalore
4960,4378.0,,3,12878747,Bangalore
4961,3345.0,4.0,2,10702718,Bangalore
4962,3770.0,1.0,2,2376876,Vijayawada
4963,3533.0,5.0,3,16243868,Mumbai
4964,1815.0,1.0,1,23634529,Vijayawada
4965,924.0,4.0,4,3645696,Mumbai
4966,2450.0,3.0,1,9724711,Mumbai
4967,2090.0,3.0,4,21423133,Mumbai
4968,1493.0,5.0,4,23269704,Chennai
4969,1990.0,2.0,3,15383256,Bangalore
4970,3989.0,4.0,2,22203732,Vijayawada
4971,4839.0,5.0,2,12895248,Vijayawada
4972,2863.0,5.0,2,8274760,Chennai
4973,4032.0,3.0,2,19850879,Mumbai
4974,2971.0,1.0,3,21382789,Bangalore
4975,3686.0,4.0,4,14486062,Hyderabad
4976,,1.0,2,15451190,Hyderabad
4977,2115.0,4.0,4,19647159,Chennai
4978,3517.0,2.0,3,13338036,Bangalore
4979,2952.0,3.0,1,6097429,Hyderabad
4980,1767.0,2.0,3,23611563,Hyderabad
4981,710.0,5.0,2,22320095,Vijayawada
4982,4927.0,3.0,1,18892908,Bangalore
4983,4255.0,5.0,3,20060534,Hyderabad
4984,4393.0,2.0,3,13253201,Vijayawada
4985,2355.0,4.0,4,7164109,Bangalore
4986,2177.0,5.0,3,18380234,Mumbai
4987,1896.0,1.0,1,14236859,Bangalore
4988,4374.0,4.0,3,9375728,Chennai
4989,2820.0,4.0,2,5729911,Vijayawada
4990,1572.0,2.0,4,9950292,Mumbai
4991,1630.0,2.0,1,13463833,Vijayawada
4992,3193.0,3.0,1,11750942,Vijayawada
4993,4592.0,3.0,3,2037889,Hyderabad
4994,1513.0,,2,3197458,Bangalore
4995,2781.0,4.0,4,4384719,Vijayawada
4996,3797.0,1.0,1,23530197,Vijayawada
4997,2062.0,1.0,4,2978662,Chennai
4998,2978.0,2.0,3,10309039,Chennai
4999,4054.0,1.0,2,9878756,Chennai
5000,4153.0,1.0,3,24587887,Vijayawada
